audio_id,ori_seg_Coherence_mean,ori_seg_Coherence_std,user_seg_Coherence_mean,user_seg_Coherence_std,ori_full_Coherence,user_full_Coherence,ori_seg_Musicality_mean,ori_seg_Musicality_std,user_seg_Musicality_mean,user_seg_Musicality_std,ori_full_Musicality,user_full_Musicality,ori_seg_Memorability_mean,ori_seg_Memorability_std,user_seg_Memorability_mean,user_seg_Memorability_std,ori_full_Memorability,user_full_Memorability,ori_seg_Clarity_mean,ori_seg_Clarity_std,user_seg_Clarity_mean,user_seg_Clarity_std,ori_full_Clarity,user_full_Clarity,ori_seg_Naturalness_mean,ori_seg_Naturalness_std,user_seg_Naturalness_mean,user_seg_Naturalness_std,ori_full_Naturalness,user_full_Naturalness
355073880,2.6256,0.2562,3.1718,0.3311,2.1801,3.0299,2.7975,0.2455,3.2882,0.2936,2.3471,3.0986,2.6378,0.2576,3.2292,0.3471,2.1726,2.9554,2.612,0.2563,3.2528,0.3282,2.0839,3.0775,2.6446,0.2154,3.121,0.2697,2.2536,3.027
347915234,2.377,0.2047,2.9061,0.1933,1.9782,3.3067,2.5366,0.2171,3.0753,0.2181,2.1099,3.2979,2.3711,0.2246,2.9073,0.2009,1.8861,3.0269,2.3471,0.2159,3.0007,0.2025,1.8706,3.2329,2.3842,0.1973,2.98,0.189,1.8978,3.236
340733372,2.2907,0.2298,2.9175,0.2338,1.8344,3.1714,2.497,0.2133,3.1101,0.2509,1.9481,3.0141,2.3163,0.2277,2.9902,0.2613,1.7034,2.922,2.3131,0.2085,2.9527,0.2253,1.7095,3.1433,2.3498,0.2011,2.9085,0.2394,1.8834,2.9804
346072967,2.6256,0.2562,3.2449,0.3007,2.1801,3.2635,2.7975,0.2455,3.3442,0.2567,2.3471,3.1649,2.6378,0.2576,3.3086,0.3066,2.1726,3.0681,2.612,0.2563,3.2951,0.2845,2.0839,3.2339,2.6446,0.2154,3.213,0.2838,2.2536,3.0708
350605605,2.5086,0.2234,3.1619,0.2745,2.1545,2.7474,2.6897,0.2082,3.267,0.2601,2.1569,2.5904,2.4742,0.2267,3.2119,0.2766,1.9797,2.4068,2.5076,0.221,3.1558,0.2341,1.9746,2.7039,2.571,0.1889,3.0489,0.2416,2.0744,2.4283
346436872,2.1272,0.1782,2.9746,0.2926,1.8714,3.4097,2.2759,0.1887,3.1477,0.3249,1.8773,3.321,2.0943,0.2023,3.0702,0.3437,1.6812,3.3287,2.1537,0.1994,3.0817,0.3166,1.7614,3.2311,2.1961,0.1993,2.9969,0.2877,1.8952,3.275
347228560,2.4787,0.2273,3.2453,0.3728,1.9887,2.972,2.7001,0.2115,3.4895,0.3368,2.0739,2.7671,2.4938,0.2296,3.2981,0.3545,1.7756,2.5397,2.5358,0.2279,3.2913,0.3148,1.9429,2.7912,2.5226,0.2035,3.1673,0.3437,1.9872,2.6221
344558439,2.7604,0.3086,3.2983,0.3705,2.3807,3.1561,2.904,0.2958,3.3627,0.3483,2.4489,3.1728,2.7848,0.3188,3.3238,0.3673,2.2025,3.071,2.7314,0.3069,3.3267,0.3521,2.2404,3.232,2.723,0.2903,3.2652,0.3446,2.3006,3.102
341686252,2.4787,0.2273,2.9913,0.3248,1.9887,3.3065,2.7001,0.2115,3.135,0.3269,2.0739,3.1035,2.4938,0.2296,3.0261,0.3074,1.7756,2.99,2.5358,0.2279,3.1441,0.3158,1.9429,3.3051,2.5226,0.2035,2.904,0.2725,1.9872,3.0446
349445046,2.3949,0.2478,3.0329,0.2571,1.821,2.8143,2.5342,0.2451,3.1678,0.2298,1.9259,2.766,2.3607,0.2578,3.0406,0.2435,1.69,2.5441,2.3917,0.234,3.0276,0.2158,1.7011,2.5896,2.4251,0.2384,2.9635,0.2366,1.7811,2.6156
347878109,2.377,0.2047,2.9591,0.2097,1.9782,3.2541,2.5366,0.2171,3.0348,0.2398,2.1099,3.0954,2.3711,0.2246,2.9329,0.2396,1.8861,3.08,2.3471,0.2159,2.9727,0.2077,1.8706,3.167,2.3842,0.1973,2.9298,0.1992,1.8978,3.2293
341026206,2.2907,0.2298,2.753,0.263,1.8344,3.0424,2.497,0.2133,2.9653,0.2616,1.9481,2.9917,2.3163,0.2277,2.8535,0.2583,1.7034,2.8699,2.3131,0.2085,2.8392,0.2336,1.7095,3.0485,2.3498,0.2011,2.7927,0.2123,1.8834,2.9979
344232161,2.3949,0.2478,2.9765,0.2657,1.821,2.8317,2.5342,0.2451,3.081,0.2514,1.9259,2.7011,2.3607,0.2578,2.9995,0.2626,1.69,2.5784,2.3917,0.234,2.9739,0.2457,1.7011,2.6144,2.4251,0.2384,2.8718,0.2391,1.7811,2.5577
344569964,2.6256,0.2562,3.269,0.3864,2.1801,3.1615,2.7975,0.2455,3.3124,0.3943,2.3471,2.7774,2.6378,0.2576,3.3042,0.4056,2.1726,2.9839,2.612,0.2563,3.2721,0.3817,2.0839,3.0151,2.6446,0.2154,3.1633,0.3117,2.2536,2.8764
343925615,2.5842,0.233,3.0085,0.2712,2.0275,3.1731,2.7865,0.2719,3.1286,0.2718,2.0846,2.9551,2.5868,0.2794,3.1204,0.281,1.7993,3.0322,2.5643,0.2669,3.1046,0.2545,1.8868,3.0764,2.5995,0.2407,3.0917,0.2432,2.0745,3.05
343808686,2.928,0.3376,2.9791,0.2556,2.539,2.6213,3.1097,0.3626,3.1262,0.244,2.7242,2.5336,2.9782,0.3581,3.0359,0.2944,2.5814,2.4531,2.9033,0.3706,2.9755,0.2446,2.5595,2.4268,2.8855,0.3227,2.9652,0.2397,2.6851,2.4839
345045171,2.377,0.2047,2.9321,0.1925,1.9782,3.064,2.5366,0.2171,3.0072,0.2324,2.1099,3.0056,2.3711,0.2246,2.8384,0.2045,1.8861,2.8341,2.3471,0.2159,2.9453,0.222,1.8706,2.9588,2.3842,0.1973,2.9103,0.2248,1.8978,2.9827
363562473,2.5842,0.233,3.3948,0.3333,2.0275,3.3948,2.7865,0.2719,3.5949,0.3192,2.0846,3.1539,2.5868,0.2794,3.4888,0.3501,1.7993,3.1224,2.5643,0.2669,3.4321,0.3044,1.8868,3.132,2.5995,0.2407,3.3904,0.3138,2.0745,3.1267
356040430,2.3949,0.2478,3.0016,0.3055,1.821,2.8692,2.5342,0.2451,3.0841,0.266,1.9259,2.7067,2.3607,0.2578,3.0054,0.3319,1.69,2.6257,2.3917,0.234,2.9787,0.2923,1.7011,2.6325,2.4251,0.2384,2.8636,0.2829,1.7811,2.5847
342888043,2.928,0.3376,2.9184,0.3407,2.539,2.6754,3.1097,0.3626,3.0349,0.3592,2.7242,2.5434,2.9782,0.3581,2.9787,0.3544,2.5814,2.4224,2.9033,0.3706,2.9772,0.3555,2.5595,2.5037,2.8855,0.3227,2.8974,0.3548,2.6851,2.4235
353900077,2.3949,0.2478,2.8615,0.2857,1.821,2.1212,2.5342,0.2451,2.9895,0.2873,1.9259,2.1688,2.3607,0.2578,2.8595,0.328,1.69,1.978,2.3917,0.234,2.8047,0.2876,1.7011,1.9225,2.4251,0.2384,2.7634,0.2508,1.7811,2.0571
344320262,2.2907,0.2298,2.5945,0.2209,1.8344,2.5841,2.497,0.2133,2.736,0.2087,1.9481,2.447,2.3163,0.2277,2.6547,0.2268,1.7034,2.2799,2.3131,0.2085,2.667,0.2266,1.7095,2.536,2.3498,0.2011,2.604,0.2098,1.8834,2.4554
340376861,2.7604,0.3086,3.2271,0.303,2.3807,3.0284,2.904,0.2958,3.3298,0.3094,2.4489,2.9287,2.7848,0.3188,3.2824,0.3005,2.2025,2.954,2.7314,0.3069,3.2539,0.3117,2.2404,3.0105,2.723,0.2903,3.2378,0.2965,2.3006,3.069
341938424,2.4787,0.2273,2.8256,0.3487,1.9887,2.4098,2.7001,0.2115,2.9763,0.3021,2.0739,2.2212,2.4938,0.2296,2.8222,0.3335,1.7756,2.0536,2.5358,0.2279,2.9132,0.3169,1.9429,2.338,2.5226,0.2035,2.8226,0.3251,1.9872,2.173
356795858,2.4787,0.2273,2.7807,0.3396,1.9887,2.8489,2.7001,0.2115,2.9753,0.3075,2.0739,2.5442,2.4938,0.2296,2.8612,0.3491,1.7756,2.5557,2.5358,0.2279,2.9357,0.3131,1.9429,2.7608,2.5226,0.2035,2.8184,0.3006,1.9872,2.6911
344782342,2.5105,0.2272,2.9018,0.2789,1.9958,2.8969,2.6489,0.2396,3.0997,0.3034,1.9663,2.8459,2.4883,0.2519,2.9833,0.2926,1.8331,2.7449,2.4845,0.2379,3.0987,0.2763,1.8513,2.9436,2.4687,0.2016,2.921,0.2828,1.8501,2.7437
348082769,2.3949,0.2478,3.159,0.289,1.821,2.9665,2.5342,0.2451,3.2942,0.2616,1.9259,2.8865,2.3607,0.2578,3.1857,0.2818,1.69,2.7136,2.3917,0.234,3.1162,0.2538,1.7011,2.7449,2.4251,0.2384,3.0436,0.2405,1.7811,2.6364
356177231,2.6256,0.2562,3.3876,0.2507,2.1801,3.3108,2.7975,0.2455,3.4762,0.2163,2.3471,3.1429,2.6378,0.2576,3.3729,0.2703,2.1726,3.0581,2.612,0.2563,3.4576,0.2588,2.0839,3.2379,2.6446,0.2154,3.3363,0.2286,2.2536,3.0465
347271090,2.5086,0.2234,3.2241,0.3022,2.1545,3.2117,2.6897,0.2082,3.3721,0.2505,2.1569,3.1046,2.4742,0.2267,3.2456,0.3077,1.9797,2.9279,2.5076,0.221,3.2663,0.2359,1.9746,3.0768,2.571,0.1889,3.1486,0.267,2.0744,2.9462
349253711,2.4498,0.3186,3.0181,0.3447,2.1087,2.9415,2.6223,0.3415,3.1519,0.2862,2.0783,2.8733,2.4783,0.3284,3.0833,0.2959,1.9298,2.743,2.4146,0.3072,3.0078,0.2851,1.9468,2.8549,2.4116,0.3047,2.9148,0.322,2.0346,2.8851
348224758,2.5105,0.2272,2.4927,0.2503,1.9958,2.4487,2.6489,0.2396,2.626,0.272,1.9663,2.3074,2.4883,0.2519,2.6227,0.2737,1.8331,2.3051,2.4845,0.2379,2.6466,0.2261,1.8513,2.4337,2.4687,0.2016,2.487,0.2206,1.8501,2.2159
340783890,2.2907,0.2298,2.9308,0.2769,1.8344,2.8735,2.497,0.2133,3.0747,0.2554,1.9481,2.8235,2.3163,0.2277,2.996,0.2603,1.7034,2.7172,2.3131,0.2085,2.9664,0.2279,1.7095,2.857,2.3498,0.2011,2.9166,0.2167,1.8834,2.8291
346019199,2.3949,0.2478,3.0171,0.2666,1.821,3.1521,2.5342,0.2451,3.1728,0.2944,1.9259,3.0051,2.3607,0.2578,3.0139,0.2555,1.69,2.909,2.3917,0.234,3.0553,0.2136,1.7011,3.0839,2.4251,0.2384,2.9432,0.2377,1.7811,2.9126
342325512,2.2907,0.2298,2.5149,0.2425,1.8344,2.4186,2.497,0.2133,2.6865,0.2424,1.9481,2.3762,2.3163,0.2277,2.5546,0.2486,1.7034,2.2359,2.3131,0.2085,2.6781,0.2346,1.7095,2.5958,2.3498,0.2011,2.6176,0.2171,1.8834,2.4519
347396613,2.4498,0.3186,2.8799,0.3568,2.1087,2.9547,2.6223,0.3415,3.0542,0.3312,2.0783,2.9154,2.4783,0.3284,2.8839,0.3454,1.9298,2.6319,2.4146,0.3072,2.8323,0.3286,1.9468,2.7767,2.4116,0.3047,2.7558,0.3527,2.0346,2.7271
342417228,2.3949,0.2478,3.1333,0.313,1.821,3.2459,2.5342,0.2451,3.2277,0.2773,1.9259,3.0989,2.3607,0.2578,3.0699,0.294,1.69,2.8103,2.3917,0.234,3.0846,0.2769,1.7011,3.0694,2.4251,0.2384,2.9706,0.2402,1.7811,2.9226
355480396,2.5086,0.2234,2.787,0.2151,2.1545,2.3029,2.6897,0.2082,2.9484,0.2129,2.1569,2.3002,2.4742,0.2267,2.8264,0.2272,1.9797,2.0872,2.5076,0.221,2.8371,0.2042,1.9746,2.1946,2.571,0.1889,2.7842,0.2083,2.0744,2.2874
357888038,2.4649,0.3283,2.7356,0.3534,2.3224,2.7817,2.6253,0.2743,2.8251,0.3091,2.2407,2.5057,2.4665,0.2793,2.7972,0.3285,2.1274,2.4475,2.4592,0.266,2.8249,0.3141,2.1248,2.5497,2.474,0.2881,2.6661,0.3279,2.3328,2.3779
351955350,2.5086,0.2234,3.0989,0.2895,2.1545,3.1356,2.6897,0.2082,3.217,0.2433,2.1569,2.9627,2.4742,0.2267,3.1557,0.274,1.9797,2.8169,2.5076,0.221,3.1613,0.2517,1.9746,2.8957,2.571,0.1889,3.0796,0.2726,2.0744,2.958
352362872,2.5105,0.2272,2.8078,0.2303,1.9958,2.472,2.6489,0.2396,2.9629,0.261,1.9663,2.3051,2.4883,0.2519,2.8497,0.2383,1.8331,2.2862,2.4845,0.2379,2.8487,0.2374,1.8513,2.3984,2.4687,0.2016,2.7539,0.2332,1.8501,2.2356
345055893,2.4787,0.2273,3.0162,0.3969,1.9887,2.7788,2.7001,0.2115,3.261,0.3857,2.0739,2.8769,2.4938,0.2296,3.1128,0.3895,1.7756,2.6629,2.5358,0.2279,3.1234,0.3517,1.9429,2.8016,2.5226,0.2035,2.9958,0.3649,1.9872,2.639
350327078,2.4498,0.3186,2.9445,0.4129,2.1087,2.9326,2.6223,0.3415,3.1926,0.3312,2.0783,2.9694,2.4783,0.3284,2.9384,0.3785,1.9298,2.6789,2.4146,0.3072,2.9319,0.3338,1.9468,2.6929,2.4116,0.3047,2.8334,0.3715,2.0346,2.6808
351568300,2.5105,0.2272,2.7406,0.2921,1.9958,2.2858,2.6489,0.2396,2.9313,0.3247,1.9663,2.3871,2.4883,0.2519,2.799,0.3235,1.8331,2.2088,2.4845,0.2379,2.8032,0.2479,1.8513,2.2638,2.4687,0.2016,2.6824,0.2811,1.8501,2.1112
356894630,2.5842,0.233,3.0998,0.2876,2.0275,3.0434,2.7865,0.2719,3.2721,0.3026,2.0846,2.8609,2.5868,0.2794,3.263,0.3218,1.7993,2.9494,2.5643,0.2669,3.2095,0.2889,1.8868,2.9956,2.5995,0.2407,3.1359,0.2785,2.0745,2.9449
347593176,2.2907,0.2298,2.6359,0.2612,1.8344,2.5696,2.497,0.2133,2.788,0.262,1.9481,2.4518,2.3163,0.2277,2.7063,0.2689,1.7034,2.2863,2.3131,0.2085,2.7231,0.2462,1.7095,2.4981,2.3498,0.2011,2.698,0.2373,1.8834,2.3787
344459556,2.377,0.2047,3.1831,0.2325,1.9782,3.6306,2.5366,0.2171,3.2851,0.2568,2.1099,3.5231,2.3711,0.2246,3.1961,0.26,1.8861,3.4653,2.3471,0.2159,3.2054,0.2184,1.8706,3.5554,2.3842,0.1973,3.2112,0.2273,1.8978,3.5538
346302776,2.5842,0.233,2.8565,0.2919,2.0275,2.9795,2.7865,0.2719,2.9566,0.3213,2.0846,2.8257,2.5868,0.2794,2.9354,0.3191,1.7993,2.7769,2.5643,0.2669,2.8729,0.288,1.8868,2.8164,2.5995,0.2407,2.8005,0.282,2.0745,2.7551
352567018,2.5842,0.233,2.8667,0.2724,2.0275,2.6548,2.7865,0.2719,2.9954,0.3128,2.0846,2.4897,2.5868,0.2794,2.8894,0.3148,1.7993,2.3891,2.5643,0.2669,2.975,0.2863,1.8868,2.682,2.5995,0.2407,2.8807,0.2618,2.0745,2.5307
348060907,2.5086,0.2234,2.9973,0.236,2.1545,2.5435,2.6897,0.2082,3.1448,0.2441,2.1569,2.3663,2.4742,0.2267,3.1253,0.25,1.9797,2.3113,2.5076,0.221,3.0858,0.2055,1.9746,2.3277,2.571,0.1889,3.0216,0.2199,2.0744,2.4015
340682801,2.4649,0.3283,2.9004,0.3868,2.3224,2.6376,2.6253,0.2743,3.0813,0.3142,2.2407,2.6373,2.4665,0.2793,2.9372,0.3601,2.1274,2.4584,2.4592,0.266,2.9311,0.312,2.1248,2.5044,2.474,0.2881,2.8635,0.3767,2.3328,2.5846
343147171,2.5842,0.233,2.8037,0.2178,2.0275,2.3898,2.7865,0.2719,2.9518,0.2001,2.0846,2.2251,2.5868,0.2794,2.8675,0.2128,1.7993,2.0331,2.5643,0.2669,2.9211,0.2021,1.8868,2.3013,2.5995,0.2407,2.8724,0.1911,2.0745,2.2318
352788420,2.6256,0.2562,2.975,0.2922,2.1801,2.6479,2.7975,0.2455,3.063,0.2943,2.3471,2.4263,2.6378,0.2576,2.993,0.3013,2.1726,2.3657,2.612,0.2563,3.035,0.2859,2.0839,2.5527,2.6446,0.2154,2.9082,0.2699,2.2536,2.41
352484296,2.3949,0.2478,3.1916,0.2777,1.821,2.8745,2.5342,0.2451,3.2865,0.3031,1.9259,2.702,2.3607,0.2578,3.1649,0.3074,1.69,2.5434,2.3917,0.234,3.1202,0.2864,1.7011,2.6827,2.4251,0.2384,3.1045,0.2837,1.7811,2.6785
343996799,2.4649,0.3283,2.9923,0.4778,2.3224,2.8788,2.6253,0.2743,3.111,0.4049,2.2407,2.6002,2.4665,0.2793,3.0104,0.4401,2.1274,2.408,2.4592,0.266,3.0645,0.4103,2.1248,2.6548,2.474,0.2881,2.9591,0.4465,2.3328,2.651
350838199,2.6256,0.2562,3.3083,0.3174,2.1801,3.4266,2.7975,0.2455,3.3874,0.319,2.3471,3.1696,2.6378,0.2576,3.3154,0.3515,2.1726,3.2748,2.612,0.2563,3.3385,0.3242,2.0839,3.2873,2.6446,0.2154,3.2384,0.3079,2.2536,3.1784
356121723,2.5086,0.2234,2.8451,0.2331,2.1545,2.1473,2.6897,0.2082,2.9588,0.2218,2.1569,2.026,2.4742,0.2267,2.916,0.2281,1.9797,1.8406,2.5076,0.221,2.9335,0.2104,1.9746,2.0887,2.571,0.1889,2.8483,0.2135,2.0744,1.9608
359931405,2.3949,0.2478,3.4077,0.3183,1.821,3.4621,2.5342,0.2451,3.5047,0.2864,1.9259,3.2445,2.3607,0.2578,3.4344,0.3282,1.69,3.1343,2.3917,0.234,3.3532,0.3156,1.7011,3.2428,2.4251,0.2384,3.2801,0.278,1.7811,3.1484
347365861,2.1272,0.1782,2.9935,0.2785,1.8714,3.6951,2.2759,0.1887,3.1609,0.292,1.8773,3.5325,2.0943,0.2023,3.0914,0.3184,1.6812,3.3782,2.1537,0.1994,3.1192,0.2966,1.7614,3.5074,2.1961,0.1993,2.967,0.2678,1.8952,3.2657
356201782,2.6256,0.2562,3.2877,0.2398,2.1801,3.0811,2.7975,0.2455,3.3608,0.2334,2.3471,2.9803,2.6378,0.2576,3.2845,0.2282,2.1726,2.8661,2.612,0.2563,3.2434,0.2166,2.0839,2.8375,2.6446,0.2154,3.1687,0.2125,2.2536,2.9131
348538347,2.5105,0.2272,2.963,0.2761,1.9958,2.9472,2.6489,0.2396,3.133,0.3059,1.9663,2.7755,2.4883,0.2519,3.0121,0.2887,1.8331,2.5661,2.4845,0.2379,3.0027,0.2735,1.8513,2.7455,2.4687,0.2016,2.824,0.2595,1.8501,2.5355
351224648,2.4498,0.3186,2.7467,0.3663,2.1087,2.4865,2.6223,0.3415,2.899,0.3424,2.0783,2.2942,2.4783,0.3284,2.7931,0.3504,1.9298,2.1293,2.4146,0.3072,2.7154,0.3502,1.9468,2.3705,2.4116,0.3047,2.6156,0.314,2.0346,2.2916
343705565,2.4649,0.3283,3.0379,0.3543,2.3224,2.6461,2.6253,0.2743,3.2297,0.2798,2.2407,2.564,2.4665,0.2793,3.0726,0.3225,2.1274,2.357,2.4592,0.266,3.0471,0.2998,2.1248,2.4643,2.474,0.2881,3.0032,0.3332,2.3328,2.5156
350211745,2.5842,0.233,2.7505,0.2403,2.0275,2.0164,2.7865,0.2719,2.9964,0.2691,2.0846,2.0834,2.5868,0.2794,2.8313,0.2483,1.7993,1.8029,2.5643,0.2669,2.7737,0.242,1.8868,1.9512,2.5995,0.2407,2.7553,0.2244,2.0745,1.9621
352492435,2.5105,0.2272,3.1994,0.3102,1.9958,3.3416,2.6489,0.2396,3.3893,0.2994,1.9663,3.2875,2.4883,0.2519,3.3196,0.3203,1.8331,3.24,2.4845,0.2379,3.2588,0.2681,1.8513,3.1959,2.4687,0.2016,3.0715,0.3079,1.8501,3.0916
361304929,2.928,0.3376,2.5565,0.2633,2.539,2.369,3.1097,0.3626,2.6977,0.2816,2.7242,2.2146,2.9782,0.3581,2.7011,0.3011,2.5814,2.1608,2.9033,0.3706,2.6688,0.2671,2.5595,2.1962,2.8855,0.3227,2.5252,0.2645,2.6851,2.17
360874399,2.7604,0.3086,3.0673,0.2069,2.3807,2.7615,2.904,0.2958,3.1737,0.2115,2.4489,2.7226,2.7848,0.3188,3.0472,0.2267,2.2025,2.5334,2.7314,0.3069,3.0829,0.2274,2.2404,2.726,2.723,0.2903,3.0842,0.2003,2.3006,2.8048
357784200,2.3949,0.2478,3.3852,0.385,1.821,3.2401,2.5342,0.2451,3.4977,0.3368,1.9259,3.0836,2.3607,0.2578,3.3463,0.3815,1.69,2.9372,2.3917,0.234,3.3325,0.334,1.7011,3.1282,2.4251,0.2384,3.2459,0.3438,1.7811,2.9789
348302583,2.6256,0.2562,3.6471,0.3236,2.1801,3.774,2.7975,0.2455,3.6729,0.2764,2.3471,3.5838,2.6378,0.2576,3.6003,0.3446,2.1726,3.474,2.612,0.2563,3.6013,0.3077,2.0839,3.6449,2.6446,0.2154,3.4681,0.2733,2.2536,3.4818
341970771,2.6256,0.2562,3.338,0.3128,2.1801,3.1322,2.7975,0.2455,3.3612,0.271,2.3471,2.8448,2.6378,0.2576,3.3676,0.3152,2.1726,2.9752,2.612,0.2563,3.3634,0.3083,2.0839,3.072,2.6446,0.2154,3.2282,0.2672,2.2536,2.8777
355097513,2.7604,0.3086,3.5176,0.2383,2.3807,3.4994,2.904,0.2958,3.5828,0.2443,2.4489,3.4269,2.7848,0.3188,3.4655,0.2675,2.2025,3.4459,2.7314,0.3069,3.4661,0.2199,2.2404,3.3811,2.723,0.2903,3.3801,0.2062,2.3006,3.4204
353928858,2.7604,0.3086,3.2576,0.2956,2.3807,2.6512,2.904,0.2958,3.3176,0.3065,2.4489,2.5382,2.7848,0.3188,3.3204,0.2998,2.2025,2.3659,2.7314,0.3069,3.266,0.2742,2.2404,2.5616,2.723,0.2903,3.2131,0.2797,2.3006,2.5606
361583627,2.4498,0.3186,2.7261,0.3334,2.1087,2.8448,2.6223,0.3415,2.8589,0.3034,2.0783,2.6199,2.4783,0.3284,2.7242,0.3209,1.9298,2.6446,2.4146,0.3072,2.808,0.2953,1.9468,2.7629,2.4116,0.3047,2.6462,0.2915,2.0346,2.6731
354733812,2.4787,0.2273,3.181,0.3287,1.9887,2.8949,2.7001,0.2115,3.3818,0.3402,2.0739,2.6947,2.4938,0.2296,3.2298,0.3113,1.7756,2.4916,2.5358,0.2279,3.3027,0.3263,1.9429,2.8044,2.5226,0.2035,3.1397,0.3084,1.9872,2.5648
348527815,2.377,0.2047,2.9262,0.2065,1.9782,3.375,2.5366,0.2171,3.0206,0.2282,2.1099,3.2164,2.3711,0.2246,2.9687,0.2335,1.8861,3.2031,2.3471,0.2159,3.061,0.1737,1.8706,3.3785,2.3842,0.1973,3.0069,0.1948,1.8978,3.2713
352081249,2.6256,0.2562,3.5688,0.2863,2.1801,3.5311,2.7975,0.2455,3.6491,0.2622,2.3471,3.3243,2.6378,0.2576,3.5974,0.3013,2.1726,3.2635,2.612,0.2563,3.5515,0.258,2.0839,3.3562,2.6446,0.2154,3.4595,0.2566,2.2536,3.2428
343629751,2.4787,0.2273,2.5783,0.294,1.9887,2.4331,2.7001,0.2115,2.6658,0.2512,2.0739,2.1844,2.4938,0.2296,2.6582,0.292,1.7756,2.2095,2.5358,0.2279,2.7557,0.2858,1.9429,2.3879,2.5226,0.2035,2.5503,0.2593,1.9872,2.1527
340775590,2.928,0.3376,2.8736,0.2572,2.539,2.3863,3.1097,0.3626,3.0477,0.272,2.7242,2.2991,2.9782,0.3581,2.9678,0.2991,2.5814,2.2099,2.9033,0.3706,3.0183,0.2544,2.5595,2.3367,2.8855,0.3227,2.9415,0.2458,2.6851,2.348
347260841,2.4649,0.3283,2.7977,0.4225,2.3224,3.0001,2.6253,0.2743,2.9189,0.3678,2.2407,2.7532,2.4665,0.2793,2.8189,0.3772,2.1274,2.5501,2.4592,0.266,2.8548,0.3679,2.1248,2.8295,2.474,0.2881,2.744,0.3841,2.3328,2.6782
345461450,2.377,0.2047,2.9731,0.2485,1.9782,3.0673,2.5366,0.2171,3.1149,0.2762,2.1099,3.1187,2.3711,0.2246,3.0159,0.2928,1.8861,2.8703,2.3471,0.2159,3.0899,0.2419,1.8706,3.1943,2.3842,0.1973,3.1051,0.2248,1.8978,3.2632
341178064,2.377,0.2047,2.7949,0.2562,1.9782,2.6807,2.5366,0.2171,2.8917,0.2523,2.1099,2.593,2.3711,0.2246,2.8131,0.2616,1.8861,2.4953,2.3471,0.2159,2.8353,0.2455,1.8706,2.5683,2.3842,0.1973,2.889,0.2239,1.8978,2.6283
354842129,2.4498,0.3186,2.7367,0.2712,2.1087,2.3718,2.6223,0.3415,2.8653,0.2287,2.0783,2.3138,2.4783,0.3284,2.7104,0.2608,1.9298,2.1007,2.4146,0.3072,2.7347,0.2301,1.9468,2.2318,2.4116,0.3047,2.5874,0.2687,2.0346,2.219
355982685,2.3949,0.2478,3.0363,0.2789,1.821,2.8464,2.5342,0.2451,3.1365,0.274,1.9259,2.7053,2.3607,0.2578,3.0084,0.287,1.69,2.5004,2.3917,0.234,3.0094,0.2699,1.7011,2.7575,2.4251,0.2384,2.9026,0.2282,1.7811,2.6702
357858969,2.4498,0.3186,2.7497,0.3082,2.1087,2.8814,2.6223,0.3415,2.8542,0.2329,2.0783,2.6587,2.4783,0.3284,2.7481,0.2796,1.9298,2.5631,2.4146,0.3072,2.7366,0.2485,1.9468,2.6512,2.4116,0.3047,2.6485,0.2808,2.0346,2.6905
341301817,2.377,0.2047,2.8271,0.2103,1.9782,2.7009,2.5366,0.2171,2.9185,0.2157,2.1099,2.6637,2.3711,0.2246,2.8151,0.2055,1.8861,2.491,2.3471,0.2159,2.8398,0.2203,1.8706,2.5671,2.3842,0.1973,2.8222,0.2154,1.8978,2.5759
357015764,2.4787,0.2273,2.9329,0.3408,1.9887,2.4665,2.7001,0.2115,3.1262,0.3463,2.0739,2.5233,2.4938,0.2296,2.9565,0.3679,1.7756,2.2186,2.5358,0.2279,2.9595,0.3083,1.9429,2.3639,2.5226,0.2035,2.8886,0.3069,1.9872,2.3918
351098316,2.5842,0.233,3.1254,0.304,2.0275,2.8042,2.7865,0.2719,3.3183,0.3336,2.0846,2.8034,2.5868,0.2794,3.1654,0.333,1.7993,2.5644,2.5643,0.2669,3.1934,0.3052,1.8868,2.7257,2.5995,0.2407,3.1645,0.2773,2.0745,2.7733
358117694,2.4787,0.2273,3.1872,0.3261,1.9887,2.9781,2.7001,0.2115,3.376,0.2955,2.0739,2.9282,2.4938,0.2296,3.2633,0.34,1.7756,2.8558,2.5358,0.2279,3.2672,0.331,1.9429,2.9269,2.5226,0.2035,3.1508,0.2909,1.9872,2.8162
341849201,2.5105,0.2272,2.6527,0.2407,1.9958,2.6776,2.6489,0.2396,2.7864,0.2857,1.9663,2.4275,2.4883,0.2519,2.7316,0.2572,1.8331,2.447,2.4845,0.2379,2.7508,0.2342,1.8513,2.4522,2.4687,0.2016,2.5802,0.2284,1.8501,2.3332
357776938,2.7604,0.3086,3.2587,0.2532,2.3807,3.4573,2.904,0.2958,3.302,0.2492,2.4489,3.2349,2.7848,0.3188,3.3117,0.2822,2.2025,3.232,2.7314,0.3069,3.2778,0.2379,2.2404,3.2446,2.723,0.2903,3.2094,0.2452,2.3006,3.3442
351657003,2.4498,0.3186,2.6642,0.3296,2.1087,2.6668,2.6223,0.3415,2.8592,0.2901,2.0783,2.6089,2.4783,0.3284,2.6962,0.3009,1.9298,2.4446,2.4146,0.3072,2.6739,0.3089,1.9468,2.5104,2.4116,0.3047,2.5488,0.2912,2.0346,2.475
350758464,2.377,0.2047,2.9677,0.2272,1.9782,3.269,2.5366,0.2171,3.0864,0.2418,2.1099,3.1751,2.3711,0.2246,2.9817,0.2548,1.8861,3.1972,2.3471,0.2159,2.9781,0.2154,1.8706,3.104,2.3842,0.1973,2.9214,0.1871,1.8978,3.126
355744074,2.7604,0.3086,3.0131,0.2769,2.3807,2.4903,2.904,0.2958,3.0891,0.2799,2.4489,2.4767,2.7848,0.3188,3.0006,0.2679,2.2025,2.2953,2.7314,0.3069,3.0025,0.2603,2.2404,2.4504,2.723,0.2903,2.9637,0.2802,2.3006,2.4779
344544740,2.5086,0.2234,3.1656,0.2619,2.1545,3.1624,2.6897,0.2082,3.3001,0.1988,2.1569,3.0834,2.4742,0.2267,3.168,0.2521,1.9797,2.8831,2.5076,0.221,3.2158,0.2181,1.9746,3.1496,2.571,0.1889,3.1196,0.2373,2.0744,2.9076
341952685,2.928,0.3376,3.2428,0.3025,2.539,3.1079,3.1097,0.3626,3.342,0.2768,2.7242,2.9554,2.9782,0.3581,3.3551,0.2715,2.5814,2.9891,2.9033,0.3706,3.2877,0.257,2.5595,3.0619,2.8855,0.3227,3.2036,0.2311,2.6851,2.8814
345782243,2.6256,0.2562,3.2897,0.2713,2.1801,2.9361,2.7975,0.2455,3.4023,0.2748,2.3471,2.7677,2.6378,0.2576,3.34,0.2845,2.1726,2.7571,2.612,0.2563,3.3393,0.271,2.0839,2.9068,2.6446,0.2154,3.2372,0.2582,2.2536,2.7635
353399723,2.4498,0.3186,2.7407,0.4358,2.1087,2.8223,2.6223,0.3415,2.9238,0.375,2.0783,2.8551,2.4783,0.3284,2.7091,0.3369,1.9298,2.541,2.4146,0.3072,2.7722,0.3871,1.9468,2.7803,2.4116,0.3047,2.6442,0.3809,2.0346,2.6943
355897193,2.928,0.3376,2.9187,0.3044,2.539,2.6483,3.1097,0.3626,3.0636,0.293,2.7242,2.4913,2.9782,0.3581,3.0211,0.3331,2.5814,2.4257,2.9033,0.3706,2.9664,0.2735,2.5595,2.4665,2.8855,0.3227,2.9376,0.2601,2.6851,2.5452
354436486,2.928,0.3376,3.1675,0.3635,2.539,2.8728,3.1097,0.3626,3.3301,0.3363,2.7242,2.7466,2.9782,0.3581,3.2094,0.3565,2.5814,2.6538,2.9033,0.3706,3.1913,0.3593,2.5595,2.7451,2.8855,0.3227,3.1766,0.3451,2.6851,2.7475
356918771,2.7604,0.3086,3.1634,0.3051,2.3807,2.9696,2.904,0.2958,3.2706,0.2804,2.4489,2.9862,2.7848,0.3188,3.2025,0.2677,2.2025,2.8277,2.7314,0.3069,3.1804,0.2532,2.2404,2.8769,2.723,0.2903,3.1186,0.2773,2.3006,2.8905
349737326,2.377,0.2047,3.2205,0.231,1.9782,3.69,2.5366,0.2171,3.3362,0.243,2.1099,3.4928,2.3711,0.2246,3.2122,0.2263,1.8861,3.4105,2.3471,0.2159,3.2204,0.2101,1.8706,3.4164,2.3842,0.1973,3.1942,0.2502,1.8978,3.442
351258732,2.7604,0.3086,3.2446,0.243,2.3807,2.5527,2.904,0.2958,3.338,0.227,2.4489,2.5239,2.7848,0.3188,3.276,0.2469,2.2025,2.2935,2.7314,0.3069,3.2078,0.2237,2.2404,2.4403,2.723,0.2903,3.215,0.2172,2.3006,2.5499
343448368,2.5105,0.2272,3.0819,0.3372,1.9958,3.0347,2.6489,0.2396,3.242,0.3951,1.9663,2.8356,2.4883,0.2519,3.1647,0.3795,1.8331,2.8617,2.4845,0.2379,3.1169,0.3412,1.8513,2.7248,2.4687,0.2016,2.976,0.3351,1.8501,2.7136
357807541,2.4498,0.3186,2.8452,0.3738,2.1087,2.9714,2.6223,0.3415,3.0192,0.35,2.0783,2.964,2.4783,0.3284,2.8686,0.3459,1.9298,2.7539,2.4146,0.3072,2.8725,0.3207,1.9468,2.8477,2.4116,0.3047,2.8097,0.3539,2.0346,2.7712
340515076,2.2907,0.2298,3.0495,0.2546,1.8344,2.7599,2.497,0.2133,3.2395,0.2358,1.9481,2.8193,2.3163,0.2277,3.1285,0.2643,1.7034,2.5842,2.3131,0.2085,3.1467,0.2209,1.7095,2.8931,2.3498,0.2011,3.1109,0.2277,1.8834,2.7857
346346820,2.377,0.2047,3.0496,0.2557,1.9782,3.5654,2.5366,0.2171,3.1417,0.3359,2.1099,3.4512,2.3711,0.2246,3.0702,0.2892,1.8861,3.3928,2.3471,0.2159,3.0913,0.2935,1.8706,3.3328,2.3842,0.1973,3.0355,0.2573,1.8978,3.3112
361590194,2.928,0.3376,2.9459,0.2534,2.539,2.7609,3.1097,0.3626,3.1382,0.2533,2.7242,2.6137,2.9782,0.3581,3.0284,0.2934,2.5814,2.3627,2.9033,0.3706,3.0478,0.2175,2.5595,2.6806,2.8855,0.3227,3.0087,0.2421,2.6851,2.6412
349798673,2.377,0.2047,2.9358,0.2325,1.9782,2.9479,2.5366,0.2171,3.0328,0.2443,2.1099,2.8522,2.3711,0.2246,2.9775,0.2313,1.8861,2.8111,2.3471,0.2159,2.9852,0.2071,1.8706,2.8461,2.3842,0.1973,3.0067,0.2051,1.8978,2.8857
357291562,2.5842,0.233,2.9159,0.2386,2.0275,2.491,2.7865,0.2719,3.056,0.2521,2.0846,2.3031,2.5868,0.2794,2.9666,0.2946,1.7993,2.058,2.5643,0.2669,2.9132,0.2414,1.8868,2.2468,2.5995,0.2407,2.9076,0.239,2.0745,2.2565
347317151,2.2907,0.2298,2.7878,0.2882,1.8344,2.8172,2.497,0.2133,2.9825,0.2929,1.9481,2.7518,2.3163,0.2277,2.8281,0.3094,1.7034,2.5201,2.3131,0.2085,2.9179,0.2706,1.7095,2.8094,2.3498,0.2011,2.8221,0.2728,1.8834,2.682
355578661,2.5086,0.2234,2.6356,0.253,2.1545,2.013,2.6897,0.2082,2.7735,0.2288,2.1569,1.9891,2.4742,0.2267,2.7335,0.2428,1.9797,1.8281,2.5076,0.221,2.6728,0.2045,1.9746,1.8822,2.571,0.1889,2.5892,0.2055,2.0744,1.8848
342149892,2.7604,0.3086,3.3887,0.333,2.3807,3.2922,2.904,0.2958,3.485,0.3422,2.4489,3.1245,2.7848,0.3188,3.4493,0.3667,2.2025,3.098,2.7314,0.3069,3.3824,0.3392,2.2404,3.1611,2.723,0.2903,3.3229,0.3021,2.3006,3.0596
346905399,2.928,0.3376,3.0166,0.3068,2.539,2.78,3.1097,0.3626,3.1737,0.293,2.7242,2.6828,2.9782,0.3581,3.0419,0.2989,2.5814,2.7274,2.9033,0.3706,3.086,0.2627,2.5595,2.7676,2.8855,0.3227,3.0111,0.2434,2.6851,2.6559
357120410,2.4498,0.3186,2.6943,0.3364,2.1087,2.9225,2.6223,0.3415,2.8319,0.2887,2.0783,2.8025,2.4783,0.3284,2.7137,0.3002,1.9298,2.7744,2.4146,0.3072,2.7703,0.3068,1.9468,2.8409,2.4116,0.3047,2.5155,0.3058,2.0346,2.6724
353979723,2.4498,0.3186,2.759,0.374,2.1087,2.7973,2.6223,0.3415,2.9411,0.326,2.0783,2.698,2.4783,0.3284,2.8803,0.3396,1.9298,2.6139,2.4146,0.3072,2.798,0.3371,1.9468,2.773,2.4116,0.3047,2.7729,0.3496,2.0346,2.7288
350030405,2.6256,0.2562,3.0972,0.2889,2.1801,2.4175,2.7975,0.2455,3.1922,0.2607,2.3471,2.3328,2.6378,0.2576,3.1652,0.3023,2.1726,2.262,2.612,0.2563,3.1712,0.2798,2.0839,2.374,2.6446,0.2154,3.104,0.2686,2.2536,2.3756
340279402,2.6256,0.2562,2.9306,0.3038,2.1801,2.9275,2.7975,0.2455,2.9941,0.2763,2.3471,2.8078,2.6378,0.2576,2.9116,0.3211,2.1726,2.7661,2.612,0.2563,3.0274,0.303,2.0839,2.8926,2.6446,0.2154,2.9071,0.2397,2.2536,2.8064
341832027,2.377,0.2047,2.7045,0.2296,1.9782,2.6216,2.5366,0.2171,2.8374,0.2245,2.1099,2.6341,2.3711,0.2246,2.7006,0.2661,1.8861,2.3598,2.3471,0.2159,2.6328,0.2194,1.8706,2.349,2.3842,0.1973,2.6533,0.1858,1.8978,2.482
341157095,2.5842,0.233,2.9029,0.2622,2.0275,2.8822,2.7865,0.2719,3.0178,0.3175,2.0846,2.7372,2.5868,0.2794,2.9846,0.3047,1.7993,2.5222,2.5643,0.2669,2.9677,0.2776,1.8868,2.7613,2.5995,0.2407,2.8955,0.2714,2.0745,2.641
343563612,2.1272,0.1782,2.6587,0.2694,1.8714,2.9666,2.2759,0.1887,2.8127,0.2813,1.8773,2.7872,2.0943,0.2023,2.755,0.2976,1.6812,2.7918,2.1537,0.1994,2.791,0.281,1.7614,2.8736,2.1961,0.1993,2.7022,0.2892,1.8952,2.6847
346330507,2.5086,0.2234,2.924,0.2286,2.1545,2.9765,2.6897,0.2082,3.0284,0.2397,2.1569,2.7536,2.4742,0.2267,2.9151,0.2417,1.9797,2.6185,2.5076,0.221,2.9583,0.2167,1.9746,2.8001,2.571,0.1889,2.8444,0.1989,2.0744,2.6191
361263566,2.4649,0.3283,3.0566,0.4205,2.3224,2.9206,2.6253,0.2743,3.1904,0.3305,2.2407,2.7719,2.4665,0.2793,3.1276,0.3707,2.1274,2.6737,2.4592,0.266,3.086,0.3555,2.1248,2.7963,2.474,0.2881,2.9626,0.3689,2.3328,2.8082
343470031,2.4498,0.3186,2.7949,0.3292,2.1087,2.8529,2.6223,0.3415,2.9468,0.2743,2.0783,2.6957,2.4783,0.3284,2.7865,0.2841,1.9298,2.5629,2.4146,0.3072,2.8654,0.3157,1.9468,2.7489,2.4116,0.3047,2.7018,0.3057,2.0346,2.681
356661724,2.4787,0.2273,2.7629,0.2878,1.9887,2.1712,2.7001,0.2115,2.9523,0.2559,2.0739,2.2245,2.4938,0.2296,2.8315,0.3058,1.7756,2.0299,2.5358,0.2279,2.8698,0.2464,1.9429,2.0964,2.5226,0.2035,2.7495,0.2627,1.9872,2.1069
350716319,2.5105,0.2272,2.7913,0.2951,1.9958,2.5029,2.6489,0.2396,2.9164,0.3037,1.9663,2.4498,2.4883,0.2519,2.7805,0.3102,1.8331,2.2265,2.4845,0.2379,2.7966,0.2669,1.8513,2.3913,2.4687,0.2016,2.7294,0.2696,1.8501,2.3451
351993873,2.928,0.3376,2.8292,0.3328,2.539,2.8974,3.1097,0.3626,2.9029,0.3181,2.7242,2.7466,2.9782,0.3581,2.8845,0.3615,2.5814,2.6725,2.9033,0.3706,2.943,0.3072,2.5595,2.8035,2.8855,0.3227,2.7987,0.3299,2.6851,2.6493
354682683,2.7604,0.3086,3.2511,0.2564,2.3807,2.9127,2.904,0.2958,3.3365,0.241,2.4489,2.7494,2.7848,0.3188,3.3139,0.2524,2.2025,2.8257,2.7314,0.3069,3.2575,0.2266,2.2404,2.7348,2.723,0.2903,3.163,0.2329,2.3006,2.6926
342551483,2.2907,0.2298,2.8579,0.3208,1.8344,2.1738,2.497,0.2133,3.0318,0.293,1.9481,2.1173,2.3163,0.2277,2.958,0.3213,1.7034,1.9729,2.3131,0.2085,2.9433,0.2849,1.7095,2.1132,2.3498,0.2011,2.9097,0.2666,1.8834,2.0531
344278900,2.4787,0.2273,2.7899,0.3032,1.9887,2.9358,2.7001,0.2115,2.9424,0.2527,2.0739,2.5624,2.4938,0.2296,2.8252,0.2885,1.7756,2.5168,2.5358,0.2279,2.9305,0.2504,1.9429,2.7829,2.5226,0.2035,2.7547,0.2454,1.9872,2.6623
359118547,2.928,0.3376,2.8478,0.2495,2.539,2.445,3.1097,0.3626,2.9604,0.2508,2.7242,2.3545,2.9782,0.3581,2.8797,0.2499,2.5814,2.2645,2.9033,0.3706,2.8714,0.2809,2.5595,2.3072,2.8855,0.3227,2.8292,0.2321,2.6851,2.2972
341497432,2.928,0.3376,2.7769,0.2656,2.539,2.2092,3.1097,0.3626,2.9319,0.2529,2.7242,2.2207,2.9782,0.3581,2.8898,0.2653,2.5814,2.1007,2.9033,0.3706,2.9361,0.2418,2.5595,2.2636,2.8855,0.3227,2.8857,0.2697,2.6851,2.3039
354839190,2.5086,0.2234,2.7931,0.273,2.1545,2.221,2.6897,0.2082,2.8961,0.2722,2.1569,2.2628,2.4742,0.2267,2.8903,0.2673,1.9797,2.1582,2.5076,0.221,2.8881,0.2551,1.9746,2.305,2.571,0.1889,2.8107,0.2532,2.0744,2.3314
344865201,2.4498,0.3186,2.8225,0.3211,2.1087,3.0341,2.6223,0.3415,3.0408,0.3205,2.0783,3.0015,2.4783,0.3284,2.8999,0.3052,1.9298,2.8246,2.4146,0.3072,2.8832,0.3422,1.9468,2.9385,2.4116,0.3047,2.7247,0.317,2.0346,2.8189
351969511,2.5086,0.2234,3.4743,0.3212,2.1545,3.0461,2.6897,0.2082,3.606,0.3398,2.1569,2.8393,2.4742,0.2267,3.5379,0.3453,1.9797,2.904,2.5076,0.221,3.4671,0.314,1.9746,3.014,2.571,0.1889,3.4088,0.3304,2.0744,2.9636
351418669,2.6256,0.2562,2.9983,0.2587,2.1801,2.501,2.7975,0.2455,3.0916,0.2585,2.3471,2.4169,2.6378,0.2576,2.9774,0.2741,2.1726,2.2073,2.612,0.2563,2.9948,0.2605,2.0839,2.3483,2.6446,0.2154,2.951,0.2127,2.2536,2.3472
343799320,2.1272,0.1782,2.8314,0.2829,1.8714,2.9129,2.2759,0.1887,3.0005,0.2875,1.8773,2.8832,2.0943,0.2023,2.8786,0.3111,1.6812,2.7115,2.1537,0.1994,2.9867,0.3058,1.7614,2.9901,2.1961,0.1993,2.8863,0.2952,1.8952,2.8196
357678690,2.5105,0.2272,2.6808,0.2253,1.9958,2.4411,2.6489,0.2396,2.8656,0.2167,1.9663,2.4067,2.4883,0.2519,2.7312,0.2167,1.8331,2.1482,2.4845,0.2379,2.7261,0.1988,1.8513,2.2326,2.4687,0.2016,2.6749,0.2032,1.8501,2.2233
345587676,2.4787,0.2273,3.056,0.3508,1.9887,3.0738,2.7001,0.2115,3.2033,0.324,2.0739,2.8041,2.4938,0.2296,3.1077,0.3653,1.7756,2.661,2.5358,0.2279,3.1401,0.3565,1.9429,2.856,2.5226,0.2035,3.0093,0.3269,1.9872,2.7289
350749308,2.928,0.3376,2.7298,0.2099,2.539,2.1954,3.1097,0.3626,2.842,0.2314,2.7242,2.114,2.9782,0.3581,2.8094,0.252,2.5814,2.0242,2.9033,0.3706,2.8216,0.2451,2.5595,2.0723,2.8855,0.3227,2.661,0.2394,2.6851,2.0879
344706779,2.5086,0.2234,3.115,0.2223,2.1545,2.6962,2.6897,0.2082,3.2366,0.2167,2.1569,2.5095,2.4742,0.2267,3.2319,0.2264,1.9797,2.4159,2.5076,0.221,3.1499,0.2119,1.9746,2.4559,2.571,0.1889,3.1011,0.2112,2.0744,2.5319
343280466,2.6256,0.2562,3.3997,0.3094,2.1801,2.8304,2.7975,0.2455,3.5117,0.3348,2.3471,2.7168,2.6378,0.2576,3.4777,0.3078,2.1726,2.7764,2.612,0.2563,3.3919,0.3025,2.0839,2.7396,2.6446,0.2154,3.4112,0.3017,2.2536,2.8399
349637850,2.4787,0.2273,3.1473,0.3529,1.9887,3.2375,2.7001,0.2115,3.4167,0.2967,2.0739,3.1391,2.4938,0.2296,3.2387,0.3359,1.7756,2.8788,2.5358,0.2279,3.2932,0.3039,1.9429,3.1493,2.5226,0.2035,3.0848,0.3083,1.9872,2.8718
359553307,2.3949,0.2478,3.3469,0.2903,1.821,3.62,2.5342,0.2451,3.5051,0.252,1.9259,3.388,2.3607,0.2578,3.3198,0.2957,1.69,3.3732,2.3917,0.234,3.3278,0.2581,1.7011,3.4976,2.4251,0.2384,3.2247,0.2443,1.7811,3.3018
348536314,2.4787,0.2273,2.946,0.3421,1.9887,3.0085,2.7001,0.2115,3.1636,0.3353,2.0739,3.0427,2.4938,0.2296,2.969,0.3525,1.7756,2.5935,2.5358,0.2279,3.0597,0.3473,1.9429,2.8473,2.5226,0.2035,2.9093,0.3333,1.9872,2.6486
343644254,2.2907,0.2298,2.6414,0.2565,1.8344,2.3075,2.497,0.2133,2.8452,0.2262,1.9481,2.3395,2.3163,0.2277,2.6681,0.2361,1.7034,2.109,2.3131,0.2085,2.7074,0.2121,1.7095,2.1931,2.3498,0.2011,2.7533,0.2425,1.8834,2.355
348259910,2.5105,0.2272,2.4352,0.2767,1.9958,2.3746,2.6489,0.2396,2.5847,0.2933,1.9663,2.1764,2.4883,0.2519,2.5339,0.2898,1.8331,2.1037,2.4845,0.2379,2.5938,0.2487,1.8513,2.228,2.4687,0.2016,2.4097,0.2632,1.8501,2.1432
356339546,2.6256,0.2562,3.1808,0.3394,2.1801,2.7913,2.7975,0.2455,3.2204,0.3046,2.3471,2.5999,2.6378,0.2576,3.1893,0.3443,2.1726,2.5276,2.612,0.2563,3.1966,0.3256,2.0839,2.6511,2.6446,0.2154,3.1555,0.2757,2.2536,2.69
344414074,2.4498,0.3186,2.8596,0.4169,2.1087,2.5691,2.6223,0.3415,2.9982,0.3651,2.0783,2.6261,2.4783,0.3284,2.8258,0.3872,1.9298,2.333,2.4146,0.3072,2.7945,0.3769,1.9468,2.4257,2.4116,0.3047,2.7366,0.3859,2.0346,2.3896
359544225,2.3949,0.2478,3.0724,0.2755,1.821,2.6466,2.5342,0.2451,3.2126,0.2956,1.9259,2.5266,2.3607,0.2578,3.0996,0.3099,1.69,2.3641,2.3917,0.234,3.0828,0.2689,1.7011,2.4702,2.4251,0.2384,3.0299,0.2727,1.7811,2.4574
346343295,2.5105,0.2272,2.82,0.2919,1.9958,2.9487,2.6489,0.2396,2.904,0.3227,1.9663,2.6996,2.4883,0.2519,2.825,0.3209,1.8331,2.6836,2.4845,0.2379,2.8594,0.2763,1.8513,2.75,2.4687,0.2016,2.6663,0.2545,1.8501,2.6808
350324935,2.928,0.3376,3.3302,0.3137,2.539,3.0237,3.1097,0.3626,3.4408,0.2774,2.7242,2.917,2.9782,0.3581,3.3989,0.3332,2.5814,2.8519,2.9033,0.3706,3.3239,0.2904,2.5595,2.9448,2.8855,0.3227,3.2488,0.2759,2.6851,3.032
342281939,2.5105,0.2272,2.5767,0.262,1.9958,2.4369,2.6489,0.2396,2.7341,0.2614,1.9663,2.1428,2.4883,0.2519,2.7016,0.2909,1.8331,2.2758,2.4845,0.2379,2.6848,0.2282,1.8513,2.2325,2.4687,0.2016,2.5189,0.2188,1.8501,2.1201
362357981,2.928,0.3376,3.0359,0.3438,2.539,2.6068,3.1097,0.3626,3.1875,0.3191,2.7242,2.6095,2.9782,0.3581,3.1092,0.3332,2.5814,2.4807,2.9033,0.3706,3.1295,0.2876,2.5595,2.6485,2.8855,0.3227,3.0706,0.2949,2.6851,2.5426
348549315,2.2907,0.2298,2.7421,0.283,1.8344,2.5348,2.497,0.2133,2.9442,0.2676,1.9481,2.4702,2.3163,0.2277,2.7649,0.2794,1.7034,2.2053,2.3131,0.2085,2.8245,0.2516,1.7095,2.4795,2.3498,0.2011,2.7459,0.2594,1.8834,2.4433
341701227,2.1272,0.1782,2.7923,0.2524,1.8714,2.66,2.2759,0.1887,2.9407,0.2583,1.8773,2.4596,2.0943,0.2023,2.8472,0.2788,1.6812,2.2004,2.1537,0.1994,2.8476,0.2683,1.7614,2.4927,2.1961,0.1993,2.859,0.2527,1.8952,2.481
351369495,2.5842,0.233,2.9518,0.309,2.0275,2.9238,2.7865,0.2719,3.0678,0.3259,2.0846,2.6692,2.5868,0.2794,3.1003,0.3073,1.7993,2.6928,2.5643,0.2669,3.0356,0.3026,1.8868,2.6877,2.5995,0.2407,2.895,0.2958,2.0745,2.6709
350597546,2.377,0.2047,2.7655,0.2147,1.9782,2.5893,2.5366,0.2171,2.824,0.221,2.1099,2.4795,2.3711,0.2246,2.7808,0.2385,1.8861,2.3084,2.3471,0.2159,2.7777,0.215,1.8706,2.4645,2.3842,0.1973,2.8032,0.1988,1.8978,2.4592
341579889,2.5105,0.2272,2.9454,0.3498,1.9958,2.8259,2.6489,0.2396,3.0992,0.3199,1.9663,2.7269,2.4883,0.2519,3.0183,0.3408,1.8331,2.5923,2.4845,0.2379,2.9593,0.2871,1.8513,2.5571,2.4687,0.2016,2.8449,0.2889,1.8501,2.5764
356156714,2.7604,0.3086,3.2769,0.2598,2.3807,2.8346,2.904,0.2958,3.3924,0.2324,2.4489,2.9617,2.7848,0.3188,3.2901,0.2497,2.2025,2.726,2.7314,0.3069,3.3057,0.2269,2.2404,2.7712,2.723,0.2903,3.2144,0.2112,2.3006,2.7489
346127034,2.1272,0.1782,2.341,0.2143,1.8714,1.9462,2.2759,0.1887,2.5191,0.2147,1.8773,1.9587,2.0943,0.2023,2.4263,0.2219,1.6812,1.8449,2.1537,0.1994,2.4603,0.2085,1.7614,1.961,2.1961,0.1993,2.477,0.2221,1.8952,1.9584
359957332,2.4649,0.3283,2.9897,0.416,2.3224,2.5957,2.6253,0.2743,3.179,0.3568,2.2407,2.5092,2.4665,0.2793,3.0169,0.4206,2.1274,2.2821,2.4592,0.266,2.9688,0.3669,2.1248,2.3876,2.474,0.2881,2.9442,0.404,2.3328,2.4583
355151185,2.4498,0.3186,2.8513,0.4028,2.1087,2.6202,2.6223,0.3415,2.9747,0.3602,2.0783,2.6363,2.4783,0.3284,2.8335,0.3947,1.9298,2.393,2.4146,0.3072,2.7913,0.3808,1.9468,2.4507,2.4116,0.3047,2.7031,0.3725,2.0346,2.5064
351388446,2.7604,0.3086,2.9417,0.2845,2.3807,3.0049,2.904,0.2958,2.9529,0.2467,2.4489,2.8289,2.7848,0.3188,2.9697,0.2101,2.2025,2.8015,2.7314,0.3069,3.024,0.2346,2.2404,2.9873,2.723,0.2903,2.9246,0.2489,2.3006,2.9047
346069552,2.5105,0.2272,2.8105,0.295,1.9958,2.7307,2.6489,0.2396,2.9491,0.3172,1.9663,2.5978,2.4883,0.2519,2.8875,0.3026,1.8331,2.4242,2.4845,0.2379,2.8223,0.2529,1.8513,2.423,2.4687,0.2016,2.6988,0.2567,1.8501,2.4159
353452507,2.7604,0.3086,3.021,0.2963,2.3807,2.6136,2.904,0.2958,3.115,0.2875,2.4489,2.5913,2.7848,0.3188,3.0368,0.2985,2.2025,2.4084,2.7314,0.3069,3.019,0.2672,2.2404,2.3978,2.723,0.2903,2.9611,0.2699,2.3006,2.5028
351465760,2.6256,0.2562,3.5321,0.2659,2.1801,3.3434,2.7975,0.2455,3.5866,0.2458,2.3471,3.2068,2.6378,0.2576,3.5517,0.2812,2.1726,3.1562,2.612,0.2563,3.4843,0.2784,2.0839,3.2778,2.6446,0.2154,3.3915,0.2193,2.2536,3.1217
343922791,2.6256,0.2562,3.353,0.2516,2.1801,3.0494,2.7975,0.2455,3.439,0.267,2.3471,2.8586,2.6378,0.2576,3.4275,0.2794,2.1726,2.871,2.612,0.2563,3.3688,0.2424,2.0839,2.9995,2.6446,0.2154,3.3358,0.2418,2.2536,2.9402
346857424,2.5105,0.2272,2.6926,0.2727,1.9958,2.5957,2.6489,0.2396,2.8753,0.3003,1.9663,2.4105,2.4883,0.2519,2.7778,0.2708,1.8331,2.4737,2.4845,0.2379,2.8148,0.2481,1.8513,2.4504,2.4687,0.2016,2.6834,0.2393,1.8501,2.3737
352462959,2.4649,0.3283,2.6935,0.3694,2.3224,2.3214,2.6253,0.2743,2.806,0.2985,2.2407,2.2426,2.4665,0.2793,2.7329,0.316,2.1274,2.1168,2.4592,0.266,2.7252,0.3022,2.1248,2.1393,2.474,0.2881,2.6038,0.3204,2.3328,2.1108
345126846,2.3949,0.2478,3.2038,0.2646,1.821,3.1027,2.5342,0.2451,3.3546,0.2778,1.9259,3.1287,2.3607,0.2578,3.1898,0.3103,1.69,3.0536,2.3917,0.234,3.2117,0.2351,1.7011,3.1652,2.4251,0.2384,3.1167,0.2796,1.7811,3.0605
356971501,2.6256,0.2562,3.2042,0.2232,2.1801,2.7806,2.7975,0.2455,3.3125,0.2202,2.3471,2.7266,2.6378,0.2576,3.1693,0.2619,2.1726,2.5432,2.612,0.2563,3.2343,0.2493,2.0839,2.7665,2.6446,0.2154,3.132,0.21,2.2536,2.7113
356749112,2.4649,0.3283,2.7908,0.3478,2.3224,2.229,2.6253,0.2743,2.9754,0.3194,2.2407,2.4344,2.4665,0.2793,2.8744,0.3486,2.1274,2.2689,2.4592,0.266,2.8492,0.2859,2.1248,2.2044,2.474,0.2881,2.7754,0.3193,2.3328,2.3684
341728921,2.4498,0.3186,2.6928,0.3395,2.1087,2.7346,2.6223,0.3415,2.785,0.2975,2.0783,2.6132,2.4783,0.3284,2.6836,0.3277,1.9298,2.4186,2.4146,0.3072,2.69,0.3068,1.9468,2.5442,2.4116,0.3047,2.5936,0.3486,2.0346,2.5139
351111242,2.5105,0.2272,2.921,0.3069,1.9958,3.0158,2.6489,0.2396,3.0334,0.324,1.9663,2.7843,2.4883,0.2519,2.9289,0.3359,1.8331,2.8137,2.4845,0.2379,2.9754,0.2894,1.8513,2.8795,2.4687,0.2016,2.8194,0.2742,1.8501,2.6815
351409354,2.5105,0.2272,3.0143,0.2881,1.9958,2.8704,2.6489,0.2396,3.173,0.2685,1.9663,2.7539,2.4883,0.2519,3.0674,0.2903,1.8331,2.6875,2.4845,0.2379,3.0101,0.2389,1.8513,2.6157,2.4687,0.2016,2.8952,0.2604,1.8501,2.4828
340776166,2.377,0.2047,2.9179,0.2233,1.9782,3.337,2.5366,0.2171,3.0501,0.2652,2.1099,3.1497,2.3711,0.2246,2.8752,0.2377,1.8861,3.0671,2.3471,0.2159,2.9859,0.2475,1.8706,3.1819,2.3842,0.1973,2.9327,0.2465,1.8978,2.969
354898261,2.928,0.3376,3.2702,0.2498,2.539,3.1365,3.1097,0.3626,3.4314,0.2271,2.7242,3.0818,2.9782,0.3581,3.3695,0.2333,2.5814,3.07,2.9033,0.3706,3.3125,0.2184,2.5595,3.0695,2.8855,0.3227,3.2614,0.1949,2.6851,3.0333
350472204,2.5105,0.2272,2.869,0.2283,1.9958,2.7162,2.6489,0.2396,3.0257,0.2309,1.9663,2.5199,2.4883,0.2519,2.9495,0.2567,1.8331,2.4097,2.4845,0.2379,2.9524,0.2122,1.8513,2.574,2.4687,0.2016,2.7752,0.1913,1.8501,2.3734
359670303,2.928,0.3376,2.913,0.3176,2.539,2.9996,3.1097,0.3626,3.0417,0.3,2.7242,2.8993,2.9782,0.3581,2.9746,0.3737,2.5814,2.8709,2.9033,0.3706,3.0046,0.343,2.5595,2.9276,2.8855,0.3227,2.9083,0.299,2.6851,2.8447
343768925,2.377,0.2047,2.754,0.2183,1.9782,2.6257,2.5366,0.2171,2.8375,0.238,2.1099,2.5918,2.3711,0.2246,2.7413,0.2307,1.8861,2.4975,2.3471,0.2159,2.7317,0.2073,1.8706,2.4953,2.3842,0.1973,2.6456,0.2026,1.8978,2.5328
341954214,2.3949,0.2478,2.8761,0.23,1.821,2.1423,2.5342,0.2451,2.9703,0.2264,1.9259,1.9895,2.3607,0.2578,2.8557,0.2369,1.69,1.888,2.3917,0.234,2.8482,0.2235,1.7011,1.9225,2.4251,0.2384,2.8133,0.1936,1.7811,1.9654
351750905,2.377,0.2047,3.2314,0.207,1.9782,3.2819,2.5366,0.2171,3.2809,0.2339,2.1099,3.058,2.3711,0.2246,3.1913,0.2063,1.8861,2.9996,2.3471,0.2159,3.1784,0.1927,1.8706,3.048,2.3842,0.1973,3.2149,0.1961,1.8978,3.0934
360351819,2.5105,0.2272,2.9941,0.327,1.9958,3.3303,2.6489,0.2396,3.103,0.3567,1.9663,3.1066,2.4883,0.2519,3.1214,0.3476,1.8331,3.1158,2.4845,0.2379,3.0815,0.2937,1.8513,3.0976,2.4687,0.2016,2.9107,0.2879,1.8501,3.0795
344488529,2.5842,0.233,2.4459,0.2078,2.0275,1.9345,2.7865,0.2719,2.5205,0.2474,2.0846,1.7892,2.5868,0.2794,2.545,0.2719,1.7993,1.8342,2.5643,0.2669,2.513,0.2361,1.8868,1.9017,2.5995,0.2407,2.4813,0.2139,2.0745,1.8729
351316824,2.7604,0.3086,3.613,0.2966,2.3807,3.8392,2.904,0.2958,3.7146,0.2647,2.4489,3.8117,2.7848,0.3188,3.6674,0.2727,2.2025,3.7733,2.7314,0.3069,3.6088,0.2615,2.2404,3.7059,2.723,0.2903,3.4981,0.2559,2.3006,3.7273
349371344,2.4498,0.3186,2.4839,0.3463,2.1087,2.2982,2.6223,0.3415,2.6396,0.321,2.0783,2.2518,2.4783,0.3284,2.5145,0.3181,1.9298,2.0335,2.4146,0.3072,2.5644,0.3193,1.9468,2.2619,2.4116,0.3047,2.466,0.3189,2.0346,2.1556
349262718,2.2907,0.2298,2.6773,0.287,1.8344,2.7374,2.497,0.2133,2.8667,0.2745,1.9481,2.6956,2.3163,0.2277,2.7627,0.2899,1.7034,2.4922,2.3131,0.2085,2.8292,0.2724,1.7095,2.7621,2.3498,0.2011,2.7537,0.248,1.8834,2.6531
350657464,2.3949,0.2478,3.468,0.3343,1.821,3.5743,2.5342,0.2451,3.5511,0.2908,1.9259,3.4265,2.3607,0.2578,3.4981,0.3439,1.69,3.4629,2.3917,0.234,3.4374,0.2807,1.7011,3.4301,2.4251,0.2384,3.2713,0.2973,1.7811,3.2761
344837936,2.1272,0.1782,2.8846,0.2366,1.8714,2.5518,2.2759,0.1887,3.0931,0.2803,1.8773,2.5047,2.0943,0.2023,3.0532,0.2838,1.6812,2.3379,2.1537,0.1994,3.0015,0.2538,1.7614,2.5411,2.1961,0.1993,2.9449,0.2609,1.8952,2.552
348376217,2.4649,0.3283,3.0813,0.3824,2.3224,3.0692,2.6253,0.2743,3.2589,0.3256,2.2407,3.0668,2.4665,0.2793,3.1395,0.3643,2.1274,2.8482,2.4592,0.266,3.1093,0.3314,2.1248,3.0028,2.474,0.2881,3.0419,0.3586,2.3328,2.949
350603230,2.7604,0.3086,3.2109,0.2319,2.3807,3.3538,2.904,0.2958,3.3204,0.2287,2.4489,3.2506,2.7848,0.3188,3.2293,0.2436,2.2025,3.0808,2.7314,0.3069,3.2599,0.232,2.2404,3.1093,2.723,0.2903,3.1436,0.2064,2.3006,3.0812
342558196,2.5105,0.2272,2.6426,0.2077,1.9958,2.46,2.6489,0.2396,2.7689,0.2537,1.9663,2.2406,2.4883,0.2519,2.7302,0.2278,1.8331,2.2394,2.4845,0.2379,2.7748,0.1988,1.8513,2.2807,2.4687,0.2016,2.6539,0.175,1.8501,2.1837
346379352,2.2907,0.2298,2.6101,0.2615,1.8344,2.7688,2.497,0.2133,2.7934,0.2406,1.9481,2.622,2.3163,0.2277,2.7255,0.262,1.7034,2.481,2.3131,0.2085,2.7449,0.2196,1.7095,2.6874,2.3498,0.2011,2.6564,0.2329,1.8834,2.6503
346305225,2.4787,0.2273,2.878,0.3405,1.9887,2.937,2.7001,0.2115,3.0769,0.3396,2.0739,2.6962,2.4938,0.2296,2.945,0.3829,1.7756,2.6678,2.5358,0.2279,3.05,0.3463,1.9429,2.9296,2.5226,0.2035,2.8587,0.3631,1.9872,2.648
350564130,2.6256,0.2562,3.097,0.2958,2.1801,2.5023,2.7975,0.2455,3.2435,0.3028,2.3471,2.4834,2.6378,0.2576,3.1467,0.2928,2.1726,2.2534,2.612,0.2563,3.1357,0.2733,2.0839,2.4246,2.6446,0.2154,3.0815,0.2622,2.2536,2.4784
360045840,2.5105,0.2272,2.805,0.2921,1.9958,2.5052,2.6489,0.2396,2.8935,0.3369,1.9663,2.2619,2.4883,0.2519,2.8701,0.3302,1.8331,2.3009,2.4845,0.2379,2.85,0.281,1.8513,2.3609,2.4687,0.2016,2.6883,0.266,1.8501,2.1955
349349494,2.2907,0.2298,2.7877,0.2241,1.8344,2.884,2.497,0.2133,2.9486,0.2083,1.9481,2.812,2.3163,0.2277,2.82,0.2241,1.7034,2.5785,2.3131,0.2085,2.8592,0.2069,1.7095,2.8792,2.3498,0.2011,2.753,0.1889,1.8834,2.6627
350247318,2.377,0.2047,2.9968,0.2016,1.9782,3.3654,2.5366,0.2171,3.095,0.2086,2.1099,3.2739,2.3711,0.2246,3.0155,0.2113,1.8861,3.1652,2.3471,0.2159,3.0141,0.2098,1.8706,3.2355,2.3842,0.1973,2.9792,0.1814,1.8978,3.2717
360919558,2.4649,0.3283,3.0536,0.3519,2.3224,2.8095,2.6253,0.2743,3.2035,0.3072,2.2407,2.7727,2.4665,0.2793,3.0911,0.3389,2.1274,2.6013,2.4592,0.266,3.0648,0.3156,2.1248,2.649,2.474,0.2881,2.9872,0.3271,2.3328,2.6791
354053644,2.5105,0.2272,3.0244,0.3231,1.9958,2.8474,2.6489,0.2396,3.1636,0.3316,1.9663,2.6852,2.4883,0.2519,3.0765,0.3167,1.8331,2.6476,2.4845,0.2379,3.0759,0.2904,1.8513,2.6502,2.4687,0.2016,2.9382,0.281,1.8501,2.5205
361841880,2.4649,0.3283,2.7265,0.3696,2.3224,2.4287,2.6253,0.2743,2.8114,0.3187,2.2407,2.289,2.4665,0.2793,2.7056,0.321,2.1274,1.9862,2.4592,0.266,2.7967,0.3235,2.1248,2.4208,2.474,0.2881,2.6643,0.3398,2.3328,2.2873
351347785,2.4787,0.2273,2.828,0.3181,1.9887,2.3379,2.7001,0.2115,3.0805,0.2747,2.0739,2.4256,2.4938,0.2296,2.8929,0.3007,1.7756,2.1537,2.5358,0.2279,2.9408,0.2707,1.9429,2.2609,2.5226,0.2035,2.8537,0.2738,1.9872,2.1965
357205783,2.5105,0.2272,2.8673,0.2745,1.9958,2.9004,2.6489,0.2396,3.05,0.29,1.9663,2.8401,2.4883,0.2519,2.9855,0.3022,1.8331,2.6965,2.4845,0.2379,2.9872,0.2693,1.8513,2.7127,2.4687,0.2016,2.793,0.2665,1.8501,2.57
348097506,2.2907,0.2298,2.889,0.3113,1.8344,2.8576,2.497,0.2133,3.0923,0.2979,1.9481,2.6608,2.3163,0.2277,2.9864,0.3215,1.7034,2.4853,2.3131,0.2085,2.9723,0.271,1.7095,2.7283,2.3498,0.2011,2.9893,0.2732,1.8834,2.6252
353839370,2.6256,0.2562,3.163,0.2652,2.1801,3.1662,2.7975,0.2455,3.2302,0.2676,2.3471,3.0943,2.6378,0.2576,3.1654,0.2887,2.1726,2.9611,2.612,0.2563,3.2331,0.2706,2.0839,3.0555,2.6446,0.2154,3.1576,0.2738,2.2536,3.0567
343433189,2.3949,0.2478,3.0231,0.3159,1.821,2.8257,2.5342,0.2451,3.0831,0.2863,1.9259,2.7726,2.3607,0.2578,2.9654,0.335,1.69,2.5652,2.3917,0.234,2.9778,0.2741,1.7011,2.7195,2.4251,0.2384,2.87,0.2665,1.7811,2.678
359092697,2.4787,0.2273,3.1116,0.3523,1.9887,3.3912,2.7001,0.2115,3.3497,0.3525,2.0739,3.3134,2.4938,0.2296,3.1918,0.3739,1.7756,3.2231,2.5358,0.2279,3.244,0.3114,1.9429,3.2879,2.5226,0.2035,3.0968,0.3468,1.9872,3.1401
343061113,2.928,0.3376,2.954,0.3498,2.539,2.7206,3.1097,0.3626,3.089,0.342,2.7242,2.5414,2.9782,0.3581,3.0207,0.3536,2.5814,2.4177,2.9033,0.3706,3.0323,0.3531,2.5595,2.5584,2.8855,0.3227,2.9051,0.3506,2.6851,2.449
345958702,2.7604,0.3086,2.9774,0.2342,2.3807,3.0095,2.904,0.2958,3.0586,0.2273,2.4489,2.8933,2.7848,0.3188,2.9864,0.2432,2.2025,2.7141,2.7314,0.3069,3.0263,0.2049,2.2404,2.7748,2.723,0.2903,2.8883,0.2089,2.3006,2.7249
346277030,2.5086,0.2234,2.815,0.2327,2.1545,2.7877,2.6897,0.2082,2.9316,0.2107,2.1569,2.6641,2.4742,0.2267,2.8883,0.2426,1.9797,2.5928,2.5076,0.221,2.9109,0.1991,1.9746,2.7142,2.571,0.1889,2.7896,0.2141,2.0744,2.4754
352000073,2.4649,0.3283,2.7145,0.3223,2.3224,3.0115,2.6253,0.2743,2.782,0.2781,2.2407,2.7525,2.4665,0.2793,2.6984,0.284,2.1274,2.6668,2.4592,0.266,2.7552,0.2867,2.1248,2.8391,2.474,0.2881,2.634,0.2912,2.3328,2.6723
348859386,2.5086,0.2234,2.9249,0.2443,2.1545,2.4029,2.6897,0.2082,3.0885,0.2277,2.1569,2.4147,2.4742,0.2267,2.9722,0.2575,1.9797,2.1577,2.5076,0.221,2.9627,0.2466,1.9746,2.3562,2.571,0.1889,2.945,0.2517,2.0744,2.2945
344954301,2.928,0.3376,3.1269,0.2201,2.539,2.9317,3.1097,0.3626,3.3494,0.2164,2.7242,2.888,2.9782,0.3581,3.2614,0.2137,2.5814,2.8143,2.9033,0.3706,3.1927,0.1864,2.5595,2.9255,2.8855,0.3227,3.1482,0.2128,2.6851,2.7563
346027577,2.6256,0.2562,3.3331,0.3178,2.1801,2.9702,2.7975,0.2455,3.4521,0.296,2.3471,2.7856,2.6378,0.2576,3.4246,0.3256,2.1726,2.7668,2.612,0.2563,3.3697,0.2778,2.0839,2.8682,2.6446,0.2154,3.3026,0.2788,2.2536,2.732
349675607,2.4787,0.2273,3.1269,0.3156,1.9887,2.9798,2.7001,0.2115,3.3075,0.2849,2.0739,2.7798,2.4938,0.2296,3.1964,0.3058,1.7756,2.5403,2.5358,0.2279,3.2006,0.2681,1.9429,2.7213,2.5226,0.2035,3.0356,0.3014,1.9872,2.7162
357086285,2.4649,0.3283,2.7892,0.4256,2.3224,2.8933,2.6253,0.2743,2.9475,0.389,2.2407,2.785,2.4665,0.2793,2.8797,0.394,2.1274,2.5913,2.4592,0.266,2.8545,0.3915,2.1248,2.7661,2.474,0.2881,2.7411,0.3874,2.3328,2.628
345585867,2.3949,0.2478,3.2642,0.3663,1.821,2.947,2.5342,0.2451,3.3915,0.3197,1.9259,2.9212,2.3607,0.2578,3.2412,0.3911,1.69,2.7284,2.3917,0.234,3.2208,0.3573,1.7011,2.8875,2.4251,0.2384,3.088,0.3264,1.7811,2.73
353622432,2.5842,0.233,3.3678,0.2819,2.0275,3.2852,2.7865,0.2719,3.4795,0.3209,2.0846,2.9805,2.5868,0.2794,3.4901,0.3355,1.7993,2.8714,2.5643,0.2669,3.3802,0.2863,1.8868,3.0365,2.5995,0.2407,3.3343,0.2898,2.0745,3.0194
342293117,2.2907,0.2298,2.5612,0.2582,1.8344,2.4803,2.497,0.2133,2.7099,0.267,1.9481,2.4024,2.3163,0.2277,2.5835,0.2533,1.7034,2.2533,2.3131,0.2085,2.6832,0.256,1.7095,2.5549,2.3498,0.2011,2.6003,0.2415,1.8834,2.3601
346060063,2.5086,0.2234,3.3308,0.2321,2.1545,3.257,2.6897,0.2082,3.4904,0.2172,2.1569,3.1782,2.4742,0.2267,3.4065,0.2493,1.9797,2.9515,2.5076,0.221,3.3682,0.2034,1.9746,3.1638,2.571,0.1889,3.2465,0.2103,2.0744,3.0273
355137783,2.4787,0.2273,2.8379,0.3179,1.9887,2.836,2.7001,0.2115,2.9921,0.2851,2.0739,2.6033,2.4938,0.2296,2.8545,0.3175,1.7756,2.5242,2.5358,0.2279,2.9511,0.3148,1.9429,2.8053,2.5226,0.2035,2.7764,0.2999,1.9872,2.537
349498276,2.5842,0.233,2.8353,0.2465,2.0275,2.2889,2.7865,0.2719,3.0087,0.2871,2.0846,2.2597,2.5868,0.2794,2.912,0.2735,1.7993,1.9863,2.5643,0.2669,2.8943,0.2619,1.8868,2.1124,2.5995,0.2407,2.8238,0.2578,2.0745,2.147
345431064,2.5105,0.2272,2.7429,0.2765,1.9958,2.6286,2.6489,0.2396,2.9186,0.2925,1.9663,2.5452,2.4883,0.2519,2.9047,0.2916,1.8331,2.6312,2.4845,0.2379,2.8431,0.2752,1.8513,2.5202,2.4687,0.2016,2.6692,0.2768,1.8501,2.3891
354327923,2.5086,0.2234,2.5572,0.2773,2.1545,2.0022,2.6897,0.2082,2.6617,0.2538,2.1569,2.0061,2.4742,0.2267,2.6644,0.2814,1.9797,1.9954,2.5076,0.221,2.5722,0.2489,1.9746,1.9967,2.571,0.1889,2.5659,0.2648,2.0744,2.0659
353434890,2.5842,0.233,2.951,0.2412,2.0275,2.7907,2.7865,0.2719,3.1051,0.2833,2.0846,2.6101,2.5868,0.2794,3.0513,0.2915,1.7993,2.4465,2.5643,0.2669,2.996,0.2745,1.8868,2.5615,2.5995,0.2407,2.9619,0.2702,2.0745,2.5941
347927364,2.4787,0.2273,2.8787,0.2723,1.9887,2.2487,2.7001,0.2115,3.1259,0.2931,2.0739,2.3147,2.4938,0.2296,2.9115,0.2864,1.7756,1.8722,2.5358,0.2279,2.9698,0.268,1.9429,2.1544,2.5226,0.2035,2.8171,0.2695,1.9872,2.0296
350534733,2.3949,0.2478,3.1027,0.3046,1.821,2.9595,2.5342,0.2451,3.2133,0.3088,1.9259,2.8467,2.3607,0.2578,3.0993,0.3389,1.69,2.7342,2.3917,0.234,3.1039,0.3126,1.7011,2.8725,2.4251,0.2384,3.0119,0.3297,1.7811,2.7716
351988237,2.928,0.3376,3.279,0.3657,2.539,3.1084,3.1097,0.3626,3.4291,0.3206,2.7242,2.9107,2.9782,0.3581,3.3742,0.35,2.5814,2.8731,2.9033,0.3706,3.3079,0.322,2.5595,2.9821,2.8855,0.3227,3.2175,0.2761,2.6851,2.7689
347673376,2.2907,0.2298,2.7912,0.2168,1.8344,2.8383,2.497,0.2133,2.9666,0.2129,1.9481,2.8167,2.3163,0.2277,2.8537,0.2362,1.7034,2.5829,2.3131,0.2085,2.9218,0.2022,1.7095,2.7752,2.3498,0.2011,2.8323,0.186,1.8834,2.7403
361779608,2.4628,0.3309,3.1983,0.4186,2.3474,3.0711,2.6236,0.2764,3.2892,0.3604,2.2619,2.8545,2.4614,0.2792,3.2573,0.3862,2.1476,2.7309,2.4577,0.2681,3.1479,0.3671,2.1314,2.8751,2.47,0.2891,3.1137,0.3774,2.347,2.89
340282348,2.5086,0.2234,2.8503,0.2837,2.1545,2.0434,2.6897,0.2082,2.9857,0.2736,2.1569,2.0582,2.4742,0.2267,2.9105,0.2798,1.9797,1.9292,2.5076,0.221,2.9321,0.2629,1.9746,2.0028,2.571,0.1889,2.8417,0.2546,2.0744,2.0139
344579223,2.4649,0.3283,2.8939,0.4232,2.3224,3.4665,2.6253,0.2743,2.9849,0.3551,2.2407,3.0769,2.4665,0.2793,2.9324,0.3846,2.1274,3.0797,2.4592,0.266,2.9217,0.3653,2.1248,3.1491,2.474,0.2881,2.7869,0.3792,2.3328,3.0057
357562031,2.5842,0.233,2.7762,0.2666,2.0275,2.4438,2.7865,0.2719,2.8988,0.3025,2.0846,2.2834,2.5868,0.2794,2.855,0.2588,1.7993,2.3102,2.5643,0.2669,2.9089,0.2828,1.8868,2.4481,2.5995,0.2407,2.7351,0.2657,2.0745,2.2987
347896139,2.5842,0.233,3.0525,0.2737,2.0275,3.3758,2.7865,0.2719,3.1472,0.3228,2.0846,3.0855,2.5868,0.2794,3.1208,0.3128,1.7993,3.1042,2.5643,0.2669,3.1115,0.2793,1.8868,3.305,2.5995,0.2407,2.9412,0.2529,2.0745,3.0023
355081820,2.4498,0.3186,2.6552,0.3228,2.1087,2.737,2.6223,0.3415,2.7884,0.2861,2.0783,2.633,2.4783,0.3284,2.6744,0.303,1.9298,2.5753,2.4146,0.3072,2.6279,0.3001,1.9468,2.6398,2.4116,0.3047,2.4825,0.3063,2.0346,2.4398
352225119,2.3949,0.2478,3.2192,0.251,1.821,3.272,2.5342,0.2451,3.3402,0.2371,1.9259,3.1864,2.3607,0.2578,3.1628,0.259,1.69,2.9782,2.3917,0.234,3.1949,0.2202,1.7011,3.06,2.4251,0.2384,3.0618,0.1966,1.7811,3.0177
343466058,2.2907,0.2298,2.8288,0.2304,1.8344,3.0155,2.497,0.2133,2.9863,0.2302,1.9481,2.9092,2.3163,0.2277,2.9351,0.249,1.7034,2.8168,2.3131,0.2085,2.9388,0.2088,1.7095,3.0538,2.3498,0.2011,2.8543,0.1989,1.8834,2.8673
361282853,2.928,0.3376,2.9476,0.3078,2.539,2.5376,3.1097,0.3626,3.1335,0.3059,2.7242,2.6682,2.9782,0.3581,3.0352,0.3374,2.5814,2.3131,2.9033,0.3706,3.0174,0.303,2.5595,2.6104,2.8855,0.3227,2.9917,0.2761,2.6851,2.5657
361715681,2.4649,0.3283,2.8726,0.3976,2.3224,2.8437,2.6253,0.2743,3.0921,0.3414,2.2407,2.7049,2.4665,0.2793,2.9733,0.362,2.1274,2.5718,2.4592,0.266,2.9616,0.3282,2.1248,2.8066,2.474,0.2881,2.8787,0.357,2.3328,2.721
340239516,2.5086,0.2234,2.9636,0.2865,2.1545,2.677,2.6897,0.2082,3.0789,0.2745,2.1569,2.4715,2.4742,0.2267,3.0606,0.3008,1.9797,2.3023,2.5076,0.221,3.0219,0.2837,1.9746,2.4824,2.571,0.1889,2.9239,0.2517,2.0744,2.4743
341118265,2.4649,0.3283,2.9913,0.3936,2.3224,2.8452,2.6253,0.2743,3.131,0.3322,2.2407,2.725,2.4665,0.2793,3.0324,0.354,2.1274,2.5165,2.4592,0.266,3.0194,0.332,2.1248,2.7012,2.474,0.2881,2.9471,0.3447,2.3328,2.6287
347128027,2.5086,0.2234,2.9558,0.2602,2.1545,2.437,2.6897,0.2082,3.0798,0.2454,2.1569,2.4865,2.4742,0.2267,3.0062,0.2561,1.9797,2.2322,2.5076,0.221,3.0079,0.2424,1.9746,2.3924,2.571,0.1889,2.8829,0.2544,2.0744,2.3183
352861532,2.5105,0.2272,2.7101,0.3061,1.9958,2.1431,2.6489,0.2396,2.7923,0.2989,1.9663,2.0105,2.4883,0.2519,2.7588,0.3177,1.8331,1.932,2.4845,0.2379,2.7369,0.2953,1.8513,1.978,2.4687,0.2016,2.5976,0.2808,1.8501,2.0752
344531749,2.377,0.2047,3.2059,0.4619,1.9782,3.8525,2.5366,0.2171,3.3206,0.4747,2.1099,3.8094,2.3711,0.2246,3.1737,0.4447,1.8861,3.8563,2.3471,0.2159,3.2249,0.4498,1.8706,3.8133,2.3842,0.1973,3.1304,0.4117,1.8978,3.6311
349879332,2.377,0.2047,2.9792,0.1965,1.9782,3.2391,2.5366,0.2171,3.0486,0.222,2.1099,3.1185,2.3711,0.2246,2.9357,0.2069,1.8861,3.1056,2.3471,0.2159,2.9655,0.2004,1.8706,3.0129,2.3842,0.1973,2.9871,0.2087,1.8978,3.1064
349549924,2.6256,0.2562,3.312,0.2664,2.1801,3.0693,2.7975,0.2455,3.4009,0.2716,2.3471,3.0108,2.6378,0.2576,3.3242,0.2491,2.1726,2.8368,2.612,0.2563,3.2984,0.2578,2.0839,2.999,2.6446,0.2154,3.2597,0.2399,2.2536,2.9561
343853562,2.5086,0.2234,2.6726,0.2354,2.1545,1.9962,2.6897,0.2082,2.7908,0.2268,2.1569,1.8741,2.4742,0.2267,2.7261,0.2599,1.9797,1.8107,2.5076,0.221,2.7719,0.2124,1.9746,1.9975,2.571,0.1889,2.7053,0.2146,2.0744,1.9661
342624711,2.7604,0.3086,3.2594,0.2831,2.3807,3.1682,2.904,0.2958,3.3321,0.2664,2.4489,2.963,2.7848,0.3188,3.2595,0.2758,2.2025,2.8888,2.7314,0.3069,3.2189,0.2558,2.2404,3.0392,2.723,0.2903,3.1638,0.2618,2.3006,2.9888
345947206,2.1272,0.1782,2.8276,0.2489,1.8714,2.9965,2.2759,0.1887,3.0655,0.2877,1.8773,3.1079,2.0943,0.2023,2.924,0.2649,1.6812,2.8536,2.1537,0.1994,3.0214,0.2616,1.7614,3.0362,2.1961,0.1993,2.8821,0.2616,1.8952,2.9464
345020859,2.1272,0.1782,2.8256,0.2765,1.8714,3.0002,2.2759,0.1887,2.9981,0.2855,1.8773,2.9735,2.0943,0.2023,2.8913,0.3139,1.6812,2.84,2.1537,0.1994,2.9626,0.2864,1.7614,2.9349,2.1961,0.1993,2.8668,0.2785,1.8952,2.9671
343607467,2.6256,0.2562,3.4098,0.3255,2.1801,3.4942,2.7975,0.2455,3.5214,0.2985,2.3471,3.2791,2.6378,0.2576,3.4617,0.3394,2.1726,3.3042,2.612,0.2563,3.4652,0.3035,2.0839,3.3229,2.6446,0.2154,3.364,0.2869,2.2536,3.2804
350192742,2.4649,0.3283,3.1274,0.398,2.3224,3.0872,2.6253,0.2743,3.2688,0.3408,2.2407,2.8301,2.4665,0.2793,3.1456,0.3567,2.1274,2.5698,2.4592,0.266,3.1351,0.3114,2.1248,2.7222,2.474,0.2881,3.0327,0.3605,2.3328,2.7336
343159596,2.5086,0.2234,3.4368,0.2854,2.1545,3.2224,2.6897,0.2082,3.5978,0.2588,2.1569,3.1519,2.4742,0.2267,3.483,0.3043,1.9797,3.0339,2.5076,0.221,3.4321,0.2794,1.9746,3.1156,2.571,0.1889,3.3627,0.2636,2.0744,3.0573
344905869,2.3949,0.2478,3.0257,0.374,1.821,2.6775,2.5342,0.2451,3.1314,0.346,1.9259,2.5754,2.3607,0.2578,3.0049,0.3921,1.69,2.3911,2.3917,0.234,2.9751,0.3423,1.7011,2.5569,2.4251,0.2384,2.8277,0.348,1.7811,2.4333
340303468,2.2907,0.2298,2.8365,0.3147,1.8344,2.7771,2.497,0.2133,3.0286,0.3055,1.9481,2.7837,2.3163,0.2277,2.891,0.3087,1.7034,2.62,2.3131,0.2085,2.9308,0.3042,1.7095,2.8402,2.3498,0.2011,2.8071,0.2794,1.8834,2.6951
343492252,2.1272,0.1782,2.6486,0.2352,1.8714,2.6058,2.2759,0.1887,2.7297,0.2639,1.8773,2.3783,2.0943,0.2023,2.8231,0.2786,1.6812,2.5282,2.1537,0.1994,2.826,0.2709,1.7614,2.6672,2.1961,0.1993,2.6264,0.2603,1.8952,2.3956
340652691,2.7604,0.3086,3.2924,0.2882,2.3807,3.2804,2.904,0.2958,3.3873,0.2818,2.4489,3.2326,2.7848,0.3188,3.2841,0.2748,2.2025,3.0324,2.7314,0.3069,3.2319,0.2575,2.2404,3.0193,2.723,0.2903,3.1347,0.2581,2.3006,2.9325
354300003,2.7604,0.3086,3.1495,0.3435,2.3807,2.7499,2.904,0.2958,3.2426,0.3427,2.4489,2.673,2.7848,0.3188,3.1751,0.3719,2.2025,2.649,2.7314,0.3069,3.1462,0.3115,2.2404,2.5964,2.723,0.2903,3.0919,0.3106,2.3006,2.6453
347207701,2.1272,0.1782,2.692,0.2306,1.8714,2.7205,2.2759,0.1887,2.8805,0.2467,1.8773,2.7106,2.0943,0.2023,2.7836,0.261,1.6812,2.4866,2.1537,0.1994,2.8009,0.2588,1.7614,2.6702,2.1961,0.1993,2.7249,0.2474,1.8952,2.6286
356254679,2.5105,0.2272,2.72,0.2256,1.9958,2.6873,2.6489,0.2396,2.8691,0.2481,1.9663,2.5507,2.4883,0.2519,2.7468,0.2312,1.8331,2.314,2.4845,0.2379,2.7223,0.2281,1.8513,2.4837,2.4687,0.2016,2.6467,0.2224,1.8501,2.4132
360153906,2.3949,0.2478,2.8611,0.283,1.821,2.5392,2.5342,0.2451,2.965,0.2902,1.9259,2.3342,2.3607,0.2578,2.8241,0.2835,1.69,2.1573,2.3917,0.234,2.8946,0.2475,1.7011,2.3369,2.4251,0.2384,2.7665,0.2029,1.7811,2.18
351650762,2.4787,0.2273,3.057,0.3534,1.9887,2.7311,2.7001,0.2115,3.2243,0.3367,2.0739,2.5793,2.4938,0.2296,3.0674,0.3611,1.7756,2.3001,2.5358,0.2279,3.1347,0.3506,1.9429,2.5528,2.5226,0.2035,2.9779,0.2979,1.9872,2.3826
354822310,2.4649,0.3283,3.1238,0.4195,2.3224,3.2915,2.6253,0.2743,3.2773,0.3248,2.2407,3.1155,2.4665,0.2793,3.225,0.3535,2.1274,3.0198,2.4592,0.266,3.1881,0.3534,2.1248,3.2989,2.474,0.2881,3.0553,0.3618,2.3328,3.0614
340404229,2.1272,0.1782,2.3662,0.222,1.8714,2.0962,2.2759,0.1887,2.5431,0.2543,1.8773,2.1058,2.0943,0.2023,2.4615,0.2354,1.6812,1.9399,2.1537,0.1994,2.5515,0.2512,1.7614,2.1087,2.1961,0.1993,2.5104,0.208,1.8952,2.0899
341799792,2.377,0.2047,2.8282,0.2303,1.9782,3.1366,2.5366,0.2171,2.9892,0.2492,2.1099,3.1649,2.3711,0.2246,2.8313,0.2262,1.8861,2.9953,2.3471,0.2159,2.889,0.2392,1.8706,3.1023,2.3842,0.1973,2.8422,0.2293,1.8978,3.0697
352313666,2.7604,0.3086,3.1227,0.3237,2.3807,2.8421,2.904,0.2958,3.2018,0.3337,2.4489,2.6561,2.7848,0.3188,3.1215,0.315,2.2025,2.6156,2.7314,0.3069,3.1215,0.2952,2.2404,2.6916,2.723,0.2903,3.0823,0.3169,2.3006,2.7009
356540028,2.6256,0.2562,2.9617,0.3099,2.1801,2.9491,2.7975,0.2455,3.0576,0.2772,2.3471,2.7122,2.6378,0.2576,3.0218,0.3141,2.1726,2.8363,2.612,0.2563,3.0702,0.2873,2.0839,2.8663,2.6446,0.2154,2.9464,0.246,2.2536,2.8734
344831436,2.2907,0.2298,2.9528,0.2265,1.8344,2.5251,2.497,0.2133,3.196,0.2107,1.9481,2.4961,2.3163,0.2277,3.0329,0.2124,1.7034,2.2139,2.3131,0.2085,3.0083,0.2009,1.7095,2.4966,2.3498,0.2011,3.0336,0.187,1.8834,2.4494
343898600,2.4787,0.2273,3.1186,0.3035,1.9887,3.0119,2.7001,0.2115,3.3428,0.2656,2.0739,2.865,2.4938,0.2296,3.2094,0.3097,1.7756,2.6529,2.5358,0.2279,3.2292,0.2336,1.9429,2.8944,2.5226,0.2035,3.0187,0.2909,1.9872,2.6785
349280883,2.4787,0.2273,2.4093,0.2677,1.9887,2.2197,2.7001,0.2115,2.5757,0.2533,2.0739,2.1831,2.4938,0.2296,2.496,0.2643,1.7756,2.0009,2.5358,0.2279,2.6429,0.2699,1.9429,2.2354,2.5226,0.2035,2.4692,0.2404,1.9872,2.0722
359055912,2.7604,0.3086,3.3221,0.2669,2.3807,3.0387,2.904,0.2958,3.406,0.2613,2.4489,2.9587,2.7848,0.3188,3.3709,0.2551,2.2025,2.8287,2.7314,0.3069,3.3236,0.2609,2.2404,2.9563,2.723,0.2903,3.2961,0.2524,2.3006,2.9121
341533455,2.5086,0.2234,3.1297,0.2609,2.1545,2.7158,2.6897,0.2082,3.2784,0.2371,2.1569,2.742,2.4742,0.2267,3.1566,0.2739,1.9797,2.513,2.5076,0.221,3.1733,0.2719,1.9746,2.6699,2.571,0.1889,3.1002,0.2649,2.0744,2.6
345706296,2.928,0.3376,3.1323,0.2272,2.539,2.6647,3.1097,0.3626,3.3558,0.234,2.7242,2.7478,2.9782,0.3581,3.2084,0.2585,2.5814,2.5106,2.9033,0.3706,3.1865,0.2281,2.5595,2.5396,2.8855,0.3227,3.1623,0.2457,2.6851,2.5923
345845375,2.377,0.2047,2.8412,0.2396,1.9782,2.9176,2.5366,0.2171,2.9339,0.2315,2.1099,2.7635,2.3711,0.2246,2.831,0.2547,1.8861,2.6633,2.3471,0.2159,2.8659,0.2408,1.8706,2.8142,2.3842,0.1973,2.8458,0.2109,1.8978,2.778
346397331,2.7604,0.3086,2.9317,0.2578,2.3807,2.5533,2.904,0.2958,3.075,0.215,2.4489,2.5579,2.7848,0.3188,2.907,0.2526,2.2025,2.3608,2.7314,0.3069,2.95,0.2107,2.2404,2.4269,2.723,0.2903,2.92,0.2395,2.3006,2.3763
360820637,2.4649,0.3283,2.9803,0.3833,2.3224,2.8193,2.6253,0.2743,3.0872,0.333,2.2407,2.7166,2.4665,0.2793,3.0113,0.3565,2.1274,2.565,2.4592,0.266,3.019,0.3254,2.1248,2.7685,2.474,0.2881,2.9019,0.3372,2.3328,2.7487
344867131,2.4498,0.3186,2.7464,0.3531,2.1087,2.4901,2.6223,0.3415,2.9716,0.3118,2.0783,2.3744,2.4783,0.3284,2.7947,0.3537,1.9298,2.1826,2.4146,0.3072,2.8438,0.3218,1.9468,2.3975,2.4116,0.3047,2.6858,0.3341,2.0346,2.2994
344224809,2.5105,0.2272,2.8307,0.2972,1.9958,3.1551,2.6489,0.2396,2.9489,0.3291,1.9663,2.9067,2.4883,0.2519,2.9123,0.3219,1.8331,2.8999,2.4845,0.2379,2.9004,0.3209,1.8513,2.9728,2.4687,0.2016,2.6966,0.3056,1.8501,2.7338
355743987,2.6256,0.2562,3.5533,0.2435,2.1801,3.6165,2.7975,0.2455,3.6657,0.2442,2.3471,3.5036,2.6378,0.2576,3.6634,0.2839,2.1726,3.4589,2.612,0.2563,3.6456,0.2555,2.0839,3.5466,2.6446,0.2154,3.5378,0.2318,2.2536,3.363
352281658,2.4649,0.3283,2.6763,0.3544,2.3224,2.7895,2.6253,0.2743,2.7552,0.3253,2.2407,2.495,2.4665,0.2793,2.6931,0.3218,2.1274,2.358,2.4592,0.266,2.7392,0.3052,2.1248,2.5925,2.474,0.2881,2.5542,0.2978,2.3328,2.4172
351827180,2.3949,0.2478,3.3225,0.2733,1.821,3.1075,2.5342,0.2451,3.446,0.277,1.9259,3.0459,2.3607,0.2578,3.3334,0.2813,1.69,2.7535,2.3917,0.234,3.2825,0.2807,1.7011,2.8463,2.4251,0.2384,3.2224,0.267,1.7811,2.9267
341031927,2.2907,0.2298,2.767,0.2811,1.8344,2.815,2.497,0.2133,2.9973,0.2496,1.9481,2.8647,2.3163,0.2277,2.8621,0.273,1.7034,2.6486,2.3131,0.2085,2.9377,0.2388,1.7095,2.8708,2.3498,0.2011,2.7822,0.2441,1.8834,2.6579
351400605,2.4498,0.3186,2.586,0.2298,2.1087,2.4808,2.6223,0.3415,2.7982,0.189,2.0783,2.6113,2.4783,0.3284,2.6695,0.2202,1.9298,2.4476,2.4146,0.3072,2.579,0.1936,1.9468,2.3252,2.4116,0.3047,2.5475,0.2049,2.0346,2.4534
342111690,2.4498,0.3186,3.0812,0.3702,2.1087,2.7299,2.6223,0.3415,3.1865,0.3276,2.0783,2.592,2.4783,0.3284,3.0831,0.3709,1.9298,2.482,2.4146,0.3072,3.0378,0.355,1.9468,2.5122,2.4116,0.3047,2.9177,0.3539,2.0346,2.6109
351901803,2.4787,0.2273,3.2316,0.3612,1.9887,3.4436,2.7001,0.2115,3.4714,0.3277,2.0739,3.3818,2.4938,0.2296,3.311,0.3605,1.7756,3.1042,2.5358,0.2279,3.3151,0.3183,1.9429,3.3019,2.5226,0.2035,3.169,0.3269,1.9872,3.0923
341115007,2.4649,0.3283,3.0779,0.5378,2.3224,3.4601,2.6253,0.2743,3.213,0.5175,2.2407,3.1934,2.4665,0.2793,3.0947,0.5069,2.1274,3.1549,2.4592,0.266,3.1229,0.5109,2.1248,3.248,2.474,0.2881,3.0026,0.4969,2.3328,3.0055
340338011,2.377,0.2047,2.4664,0.1993,1.9782,2.2761,2.5366,0.2171,2.5824,0.1932,2.1099,2.2786,2.3711,0.2246,2.4744,0.2197,1.8861,2.0314,2.3471,0.2159,2.4781,0.2093,1.8706,2.1586,2.3842,0.1973,2.525,0.17,1.8978,2.1798
348639100,2.377,0.2047,3.2391,0.1929,1.9782,3.6325,2.5366,0.2171,3.3944,0.2018,2.1099,3.6446,2.3711,0.2246,3.2,0.1733,1.8861,3.5631,2.3471,0.2159,3.2563,0.1759,1.8706,3.6578,2.3842,0.1973,3.2458,0.1618,1.8978,3.7242
364895704,2.5842,0.233,2.6831,0.2543,2.0275,2.2838,2.7865,0.2719,2.8303,0.2749,2.0846,2.209,2.5868,0.2794,2.7702,0.2982,1.7993,2.1577,2.5643,0.2669,2.7293,0.2649,1.8868,2.1823,2.5995,0.2407,2.704,0.2563,2.0745,2.2933
349324963,2.4649,0.3283,3.045,0.4189,2.3224,2.9028,2.6253,0.2743,3.1806,0.3715,2.2407,2.7971,2.4665,0.2793,3.0637,0.3589,2.1274,2.5843,2.4592,0.266,3.0702,0.3314,2.1248,2.7683,2.474,0.2881,2.988,0.361,2.3328,2.786
344527888,2.4649,0.3283,2.6912,0.392,2.3224,2.2932,2.6253,0.2743,2.8421,0.3484,2.2407,2.1967,2.4665,0.2793,2.7374,0.3599,2.1274,1.9328,2.4592,0.266,2.7602,0.3414,2.1248,2.1255,2.474,0.2881,2.6547,0.3643,2.3328,2.1491
347910332,2.2907,0.2298,2.871,0.2755,1.8344,3.2908,2.497,0.2133,3.1062,0.2458,1.9481,3.2416,2.3163,0.2277,2.9607,0.2717,1.7034,3.0874,2.3131,0.2085,2.9703,0.2382,1.7095,3.2667,2.3498,0.2011,2.8779,0.2356,1.8834,3.0526
351286042,2.3949,0.2478,3.2343,0.318,1.821,2.7724,2.5342,0.2451,3.3419,0.2538,1.9259,2.7455,2.3607,0.2578,3.1905,0.2847,1.69,2.5643,2.3917,0.234,3.1968,0.3048,1.7011,2.733,2.4251,0.2384,3.103,0.2438,1.7811,2.6054
354949389,2.7604,0.3086,3.2346,0.215,2.3807,2.5323,2.904,0.2958,3.2998,0.2297,2.4489,2.5126,2.7848,0.3188,3.2825,0.2539,2.2025,2.3137,2.7314,0.3069,3.2636,0.2337,2.2404,2.5292,2.723,0.2903,3.1653,0.2324,2.3006,2.5705
342537537,2.5842,0.233,3.3059,0.3029,2.0275,2.8127,2.7865,0.2719,3.4766,0.3086,2.0846,2.8729,2.5868,0.2794,3.3379,0.3201,1.7993,2.5532,2.5643,0.2669,3.2821,0.3274,1.8868,2.7633,2.5995,0.2407,3.225,0.2814,2.0745,2.7952
345423257,2.5086,0.2234,3.1638,0.2542,2.1545,2.6293,2.6897,0.2082,3.2753,0.196,2.1569,2.6956,2.4742,0.2267,3.1444,0.2182,1.9797,2.3228,2.5076,0.221,3.1859,0.2151,1.9746,2.5584,2.571,0.1889,3.0975,0.2039,2.0744,2.4895
360120751,2.5842,0.233,3.2193,0.2808,2.0275,3.1532,2.7865,0.2719,3.3396,0.266,2.0846,3.0343,2.5868,0.2794,3.2564,0.2886,1.7993,2.9632,2.5643,0.2669,3.2319,0.2884,1.8868,3.0874,2.5995,0.2407,3.18,0.2634,2.0745,3.0123
341630585,2.3949,0.2478,3.1629,0.2721,1.821,3.2578,2.5342,0.2451,3.2252,0.2621,1.9259,3.0522,2.3607,0.2578,3.1187,0.2932,1.69,2.9464,2.3917,0.234,3.1372,0.2637,1.7011,3.117,2.4251,0.2384,2.9571,0.2487,1.7811,2.9174
350722834,2.5842,0.233,3.029,0.2907,2.0275,2.5127,2.7865,0.2719,3.1589,0.2932,2.0846,2.4371,2.5868,0.2794,2.9702,0.324,1.7993,2.1388,2.5643,0.2669,2.9655,0.2877,1.8868,2.2865,2.5995,0.2407,2.962,0.2838,2.0745,2.4336
340426481,2.1272,0.1782,2.7887,0.2686,1.8714,2.7994,2.2759,0.1887,2.9775,0.2787,1.8773,2.6783,2.0943,0.2023,2.9296,0.2865,1.6812,2.569,2.1537,0.1994,2.991,0.2608,1.7614,2.8608,2.1961,0.1993,2.8638,0.2808,1.8952,2.6244
343507604,2.1272,0.1782,2.7401,0.2799,1.8714,2.9692,2.2759,0.1887,2.8867,0.2708,1.8773,3.0301,2.0943,0.2023,2.859,0.2838,1.6812,2.8606,2.1537,0.1994,2.8869,0.2696,1.7614,3.0442,2.1961,0.1993,2.7682,0.2408,1.8952,2.8428
343446095,2.4787,0.2273,3.0619,0.3363,1.9887,3.3401,2.7001,0.2115,3.2909,0.3068,2.0739,3.1252,2.4938,0.2296,3.1264,0.3085,1.7756,3.0155,2.5358,0.2279,3.1873,0.2583,1.9429,3.2121,2.5226,0.2035,3.0816,0.3029,1.9872,3.0114
345978698,2.7604,0.3086,3.3034,0.3292,2.3807,3.0969,2.904,0.2958,3.4085,0.317,2.4489,3.0361,2.7848,0.3188,3.3725,0.3374,2.2025,2.9978,2.7314,0.3069,3.3356,0.3225,2.2404,2.9307,2.723,0.2903,3.2582,0.2967,2.3006,2.9594
359505941,2.5842,0.233,2.7269,0.2273,2.0275,2.2738,2.7865,0.2719,2.8508,0.2536,2.0846,2.2173,2.5868,0.2794,2.7844,0.2634,1.7993,2.0837,2.5643,0.2669,2.7553,0.2459,1.8868,2.1588,2.5995,0.2407,2.6496,0.2242,2.0745,2.1182
342496862,2.4649,0.3283,2.763,0.327,2.3224,2.2357,2.6253,0.2743,2.924,0.2954,2.2407,2.2419,2.4665,0.2793,2.9035,0.2935,2.1274,2.2235,2.4592,0.266,2.7987,0.2831,2.1248,2.1651,2.474,0.2881,2.7264,0.3087,2.3328,2.2088
344366043,2.4787,0.2273,2.8831,0.2795,1.9887,2.3266,2.7001,0.2115,3.1027,0.2933,2.0739,2.2835,2.4938,0.2296,2.9062,0.3278,1.7756,2.0346,2.5358,0.2279,2.9899,0.2682,1.9429,2.2866,2.5226,0.2035,2.9343,0.2947,1.9872,2.2742
346357939,2.5842,0.233,3.2307,0.3215,2.0275,3.3858,2.7865,0.2719,3.4031,0.3097,2.0846,3.2777,2.5868,0.2794,3.3183,0.3409,1.7993,3.1901,2.5643,0.2669,3.2388,0.2946,1.8868,3.2253,2.5995,0.2407,3.1288,0.2909,2.0745,3.1816
347365057,2.5105,0.2272,2.5485,0.2838,1.9958,2.5207,2.6489,0.2396,2.6988,0.3053,1.9663,2.3789,2.4883,0.2519,2.5846,0.2939,1.8331,2.2786,2.4845,0.2379,2.6803,0.3021,1.8513,2.3629,2.4687,0.2016,2.529,0.283,1.8501,2.3183
350270861,2.3949,0.2478,2.9667,0.2897,1.821,3.2634,2.5342,0.2451,3.046,0.2786,1.9259,3.1138,2.3607,0.2578,2.9148,0.2967,1.69,2.9849,2.3917,0.234,2.9684,0.2608,1.7011,3.1223,2.4251,0.2384,2.8111,0.253,1.7811,2.897
343745985,2.5086,0.2234,2.7953,0.2081,2.1545,2.2168,2.6897,0.2082,2.9003,0.1944,2.1569,2.0517,2.4742,0.2267,2.825,0.2167,1.9797,1.8568,2.5076,0.221,2.8248,0.2037,1.9746,2.0055,2.571,0.1889,2.7489,0.1976,2.0744,1.9145
342529141,2.5842,0.233,2.6264,0.215,2.0275,1.992,2.7865,0.2719,2.7991,0.2649,2.0846,1.9389,2.5868,0.2794,2.6738,0.2694,1.7993,1.7456,2.5643,0.2669,2.673,0.2529,1.8868,1.8667,2.5995,0.2407,2.685,0.2442,2.0745,1.944
341263203,2.2907,0.2298,2.5647,0.2492,1.8344,2.1897,2.497,0.2133,2.7597,0.25,1.9481,2.1898,2.3163,0.2277,2.6505,0.2541,1.7034,1.974,2.3131,0.2085,2.6932,0.2293,1.7095,2.1947,2.3498,0.2011,2.6104,0.2366,1.8834,2.1294
342592522,2.377,0.2047,3.0488,0.1994,1.9782,3.4525,2.5366,0.2171,3.2509,0.246,2.1099,3.4735,2.3711,0.2246,3.1369,0.2088,1.8861,3.4333,2.3471,0.2159,3.1872,0.1896,1.8706,3.4386,2.3842,0.1973,3.1073,0.1975,1.8978,3.3845
348554636,2.4649,0.3283,2.6545,0.3381,2.3224,2.3829,2.6253,0.2743,2.7673,0.3018,2.2407,2.369,2.4665,0.2793,2.6493,0.3352,2.1274,2.227,2.4592,0.266,2.675,0.3074,2.1248,2.2768,2.474,0.2881,2.5499,0.336,2.3328,2.3175
357461317,2.4498,0.3186,2.9365,0.3144,2.1087,3.1507,2.6223,0.3415,3.1302,0.2941,2.0783,3.1019,2.4783,0.3284,3.0273,0.3141,1.9298,2.9779,2.4146,0.3072,2.933,0.2845,1.9468,2.9446,2.4116,0.3047,2.8975,0.3189,2.0346,3.0468
346285929,2.377,0.2047,3.1469,0.2299,1.9782,3.4176,2.5366,0.2171,3.2405,0.2439,2.1099,3.2724,2.3711,0.2246,3.1988,0.2559,1.8861,3.3196,2.3471,0.2159,3.2124,0.2245,1.8706,3.2584,2.3842,0.1973,3.1481,0.2193,1.8978,3.3014
343877804,2.5086,0.2234,3.2773,0.2974,2.1545,2.7933,2.6897,0.2082,3.423,0.2495,2.1569,2.6744,2.4742,0.2267,3.3622,0.2671,1.9797,2.5377,2.5076,0.221,3.2952,0.2406,1.9746,2.5921,2.571,0.1889,3.1997,0.2441,2.0744,2.5469
347367241,2.4498,0.3186,2.9208,0.3217,2.1087,2.871,2.6223,0.3415,3.0829,0.2935,2.0783,2.7949,2.4783,0.3284,2.9478,0.3058,1.9298,2.623,2.4146,0.3072,2.9027,0.3012,1.9468,2.7044,2.4116,0.3047,2.8072,0.3321,2.0346,2.7523
341721555,2.4787,0.2273,3.1085,0.3145,1.9887,3.3036,2.7001,0.2115,3.3496,0.2811,2.0739,3.2057,2.4938,0.2296,3.1754,0.3475,1.7756,2.9605,2.5358,0.2279,3.2295,0.2794,1.9429,3.1723,2.5226,0.2035,3.0529,0.2807,1.9872,2.9529
351753405,2.928,0.3376,2.951,0.3266,2.539,2.8022,3.1097,0.3626,3.055,0.3119,2.7242,2.639,2.9782,0.3581,3.0411,0.304,2.5814,2.5135,2.9033,0.3706,3.0673,0.3344,2.5595,2.8335,2.8855,0.3227,2.9095,0.3041,2.6851,2.6209
340315908,2.5086,0.2234,3.1032,0.2963,2.1545,3.1655,2.6897,0.2082,3.2199,0.2647,2.1569,2.9611,2.4742,0.2267,3.1722,0.3103,1.9797,2.8729,2.5076,0.221,3.1201,0.266,1.9746,2.9531,2.571,0.1889,3.0474,0.2548,2.0744,2.8081
347645067,2.4787,0.2273,2.8106,0.3452,1.9887,3.0003,2.7001,0.2115,2.952,0.3242,2.0739,2.8101,2.4938,0.2296,2.8378,0.3293,1.7756,2.6919,2.5358,0.2279,2.9358,0.3423,1.9429,2.8655,2.5226,0.2035,2.7416,0.2846,1.9872,2.6077
346084239,2.4649,0.3283,3.045,0.387,2.3224,3.2044,2.6253,0.2743,3.1187,0.3455,2.2407,2.9926,2.4665,0.2793,3.0493,0.3757,2.1274,2.8686,2.4592,0.266,3.0051,0.34,2.1248,3.0425,2.474,0.2881,2.889,0.3601,2.3328,2.9002
348814943,2.377,0.2047,2.9372,0.2141,1.9782,3.2781,2.5366,0.2171,3.0471,0.2295,2.1099,3.1158,2.3711,0.2246,2.949,0.2391,1.8861,3.083,2.3471,0.2159,3.0261,0.2293,1.8706,3.2085,2.3842,0.1973,2.9454,0.1802,1.8978,3.1308
353446183,2.6256,0.2562,3.2759,0.299,2.1801,3.041,2.7975,0.2455,3.4107,0.2677,2.3471,3.0846,2.6378,0.2576,3.2965,0.2943,2.1726,2.8494,2.612,0.2563,3.272,0.2943,2.0839,2.8925,2.6446,0.2154,3.2287,0.2848,2.2536,2.8949
342864373,2.6256,0.2562,2.8851,0.275,2.1801,2.4029,2.7975,0.2455,2.9629,0.277,2.3471,2.2852,2.6378,0.2576,2.9158,0.3051,2.1726,2.1618,2.612,0.2563,2.9788,0.2934,2.0839,2.4395,2.6446,0.2154,2.9294,0.238,2.2536,2.3127
347223310,2.928,0.3376,2.9265,0.2423,2.539,2.6418,3.1097,0.3626,3.1119,0.2259,2.7242,2.4509,2.9782,0.3581,3.0247,0.265,2.5814,2.406,2.9033,0.3706,3.0937,0.2277,2.5595,2.7004,2.8855,0.3227,2.947,0.2198,2.6851,2.516
348551741,2.4498,0.3186,2.4798,0.3256,2.1087,2.1642,2.6223,0.3415,2.6387,0.3026,2.0783,2.1992,2.4783,0.3284,2.4801,0.2965,1.9298,2.0634,2.4146,0.3072,2.5149,0.2887,1.9468,2.1232,2.4116,0.3047,2.4244,0.3097,2.0346,2.143
356323551,2.5842,0.233,3.0892,0.253,2.0275,2.8352,2.7865,0.2719,3.2553,0.3026,2.0846,2.6162,2.5868,0.2794,3.1702,0.2902,1.7993,2.3928,2.5643,0.2669,3.1056,0.2682,1.8868,2.686,2.5995,0.2407,3.0986,0.2631,2.0745,2.6448
347338399,2.2907,0.2298,2.6126,0.2846,1.8344,2.733,2.497,0.2133,2.7682,0.2685,1.9481,2.6158,2.3163,0.2277,2.6471,0.2657,1.7034,2.4649,2.3131,0.2085,2.72,0.2545,1.7095,2.7347,2.3498,0.2011,2.6051,0.228,1.8834,2.5678
349863791,2.4787,0.2273,3.1973,0.4229,1.9887,3.0687,2.7001,0.2115,3.3766,0.3884,2.0739,2.8602,2.4938,0.2296,3.2544,0.4128,1.7756,2.5577,2.5358,0.2279,3.2503,0.3925,1.9429,2.8171,2.5226,0.2035,3.0811,0.343,1.9872,2.6189
356135513,2.3949,0.2478,3.254,0.3196,1.821,2.8902,2.5342,0.2451,3.4017,0.2582,1.9259,2.7826,2.3607,0.2578,3.2251,0.306,1.69,2.6277,2.3917,0.234,3.2275,0.2766,1.7011,2.7082,2.4251,0.2384,3.1199,0.2353,1.7811,2.6262
361459183,2.4498,0.3186,2.598,0.3531,2.1087,2.4182,2.6223,0.3415,2.776,0.3225,2.0783,2.419,2.4783,0.3284,2.6058,0.3308,1.9298,2.129,2.4146,0.3072,2.5732,0.2998,1.9468,2.2051,2.4116,0.3047,2.5079,0.3406,2.0346,2.2224
352427023,2.5842,0.233,3.3886,0.3176,2.0275,3.2,2.7865,0.2719,3.513,0.3546,2.0846,3.0806,2.5868,0.2794,3.4618,0.3546,1.7993,2.9358,2.5643,0.2669,3.3402,0.335,1.8868,2.9955,2.5995,0.2407,3.2869,0.3057,2.0745,2.9482
350316583,2.377,0.2047,2.7372,0.2611,1.9782,2.4821,2.5366,0.2171,2.8616,0.2357,2.1099,2.4989,2.3711,0.2246,2.7388,0.2322,1.8861,2.289,2.3471,0.2159,2.8243,0.2408,1.8706,2.3901,2.3842,0.1973,2.8735,0.2146,1.8978,2.6182
359823110,2.5105,0.2272,2.9172,0.2676,1.9958,2.826,2.6489,0.2396,3.0082,0.3159,1.9663,2.7378,2.4883,0.2519,3.0115,0.3094,1.8331,2.7911,2.4845,0.2379,2.8945,0.2732,1.8513,2.8335,2.4687,0.2016,2.8508,0.267,1.8501,2.7912
364065804,2.5842,0.233,3.4456,0.3062,2.0275,3.2429,2.7865,0.2719,3.5553,0.3847,2.0846,2.9982,2.5868,0.2794,3.469,0.3494,1.7993,2.9026,2.5643,0.2669,3.4307,0.3144,1.8868,3.0734,2.5995,0.2407,3.3555,0.2966,2.0745,3.0342
341857734,2.1272,0.1782,2.8898,0.2918,1.8714,3.0278,2.2759,0.1887,3.0749,0.3139,1.8773,2.8812,2.0943,0.2023,3.0283,0.3514,1.6812,2.8122,2.1537,0.1994,2.989,0.3051,1.7614,2.8759,2.1961,0.1993,2.9111,0.3083,1.8952,2.8666
340337915,2.377,0.2047,2.5529,0.2316,1.9782,2.4049,2.5366,0.2171,2.6932,0.2468,2.1099,2.4704,2.3711,0.2246,2.5449,0.2561,1.8861,2.3672,2.3471,0.2159,2.5648,0.248,1.8706,2.3466,2.3842,0.1973,2.5775,0.2216,1.8978,2.4333
349560120,2.3949,0.2478,3.259,0.2759,1.821,3.5023,2.5342,0.2451,3.2839,0.2761,1.9259,3.2206,2.3607,0.2578,3.1776,0.2839,1.69,3.1689,2.3917,0.234,3.1888,0.2841,1.7011,3.3713,2.4251,0.2384,3.0788,0.265,1.7811,3.2386
342480040,2.5842,0.233,2.8999,0.2529,2.0275,2.547,2.7865,0.2719,3.0993,0.2772,2.0846,2.4964,2.5868,0.2794,2.9953,0.2697,1.7993,2.3758,2.5643,0.2669,2.9903,0.2627,1.8868,2.4849,2.5995,0.2407,2.8917,0.2231,2.0745,2.497
357613066,2.4787,0.2273,2.994,0.3514,1.9887,2.9626,2.7001,0.2115,3.1856,0.3432,2.0739,2.8878,2.4938,0.2296,3.0744,0.3636,1.7756,2.8195,2.5358,0.2279,3.177,0.3461,1.9429,3.0694,2.5226,0.2035,2.9934,0.3277,1.9872,2.821
348731078,2.4649,0.3283,2.8001,0.3082,2.3224,2.4326,2.6253,0.2743,3.0138,0.293,2.2407,2.4759,2.4665,0.2793,2.7961,0.2946,2.1274,2.1635,2.4592,0.266,2.8271,0.2885,2.1248,2.4122,2.474,0.2881,2.7601,0.3021,2.3328,2.4156
